,Relative_Date,Stock markets,Values
283,-186,Values_ARG,-1.35%
667,-186,Values_FR,-0.29%
1051,-186,Values_DE,-0.08%
1435,-186,Values_ES,1.72%
1819,-186,Values_IT,0.72%
2203,-186,Values_BRA,0.72%
282,-185,Values_ARG,-0.61%
666,-185,Values_FR,0.52%
1050,-185,Values_DE,0.83%
1434,-185,Values_ES,0.49%
1818,-185,Values_IT,0.36%
2202,-185,Values_BRA,0.36%
281,-184,Values_ARG,1.22%
665,-184,Values_FR,1.22%
1049,-184,Values_DE,-0.09%
1433,-184,Values_ES,0.15%
1817,-184,Values_IT,0.67%
2201,-184,Values_BRA,0.67%
280,-183,Values_ARG,-1.59%
664,-183,Values_FR,-1.59%
1048,-183,Values_DE,-0.80%
1432,-183,Values_ES,-0.46%
1816,-183,Values_IT,-0.69%
2200,-183,Values_BRA,-0.69%
279,-182,Values_ARG,-0.69%
663,-182,Values_FR,-0.13%
1047,-182,Values_DE,0.55%
1431,-182,Values_ES,-0.03%
1815,-182,Values_IT,0.78%
2199,-182,Values_BRA,0.78%
278,-181,Values_ARG,0.78%
662,-181,Values_FR,0.07%
1046,-181,Values_DE,0.07%
1430,-181,Values_ES,0.07%
1814,-181,Values_IT,0.07%
2198,-181,Values_BRA,0.07%
277,-180,Values_ARG,0.07%
661,-180,Values_FR,-0.36%
1045,-180,Values_DE,-0.36%
1429,-180,Values_ES,-0.36%
1813,-180,Values_IT,-0.36%
2197,-180,Values_BRA,-0.36%
275,-179,Values_ARG,-0.36%
659,-179,Values_FR,0.02%
1043,-179,Values_DE,0.39%
1427,-179,Values_ES,-0.73%
1811,-179,Values_IT,-0.38%
2195,-179,Values_BRA,-0.38%
274,-178,Values_ARG,-0.59%
658,-178,Values_FR,0.58%
1042,-178,Values_DE,0.32%
1426,-178,Values_ES,-0.90%
1810,-178,Values_IT,-0.22%
2194,-178,Values_BRA,-0.22%
273,-177,Values_ARG,-1.02%
657,-177,Values_FR,-1.02%
1041,-177,Values_DE,2.03%
1425,-177,Values_ES,-0.07%
1809,-177,Values_IT,1.11%
2193,-177,Values_BRA,2.26%
272,-176,Values_ARG,-2.91%
656,-176,Values_FR,-2.91%
1040,-176,Values_DE,-0.17%
1424,-176,Values_ES,0.35%
1808,-176,Values_IT,0.31%
2192,-176,Values_BRA,2.08%
271,-175,Values_ARG,-0.68%
655,-175,Values_FR,0.28%
1039,-175,Values_DE,0.26%
1423,-175,Values_ES,-1.29%
1807,-175,Values_IT,-1.08%
2191,-175,Values_BRA,1.01%
270,-174,Values_ARG,1.01%
654,-174,Values_FR,-0.12%
1038,-174,Values_DE,-0.12%
1422,-174,Values_ES,-0.12%
1806,-174,Values_IT,-0.12%
2190,-174,Values_BRA,-0.12%
269,-173,Values_ARG,-0.12%
653,-173,Values_FR,-0.72%
1037,-173,Values_DE,-0.72%
1421,-173,Values_ES,-0.72%
1805,-173,Values_IT,-0.72%
2189,-173,Values_BRA,-0.72%
268,-172,Values_ARG,3.76%
652,-172,Values_FR,-0.25%
1036,-172,Values_DE,-0.28%
1420,-172,Values_ES,0.22%
1804,-172,Values_IT,1.00%
2188,-172,Values_BRA,0.29%
267,-171,Values_ARG,2.90%
651,-171,Values_FR,0.87%
1035,-171,Values_DE,0.15%
1419,-171,Values_ES,1.28%
1803,-171,Values_IT,-0.75%
2187,-171,Values_BRA,-1.96%
266,-170,Values_ARG,-0.07%
650,-170,Values_FR,-0.07%
1034,-170,Values_DE,-0.10%
1418,-170,Values_ES,-2.61%
1802,-170,Values_IT,-0.90%
2186,-170,Values_BRA,-1.06%
264,-169,Values_ARG,0.36%
648,-169,Values_FR,0.36%
1032,-169,Values_DE,-0.92%
1416,-169,Values_ES,-2.26%
1800,-169,Values_IT,0.17%
2184,-169,Values_BRA,-2.88%
263,-168,Values_ARG,1.81%
647,-168,Values_FR,-0.14%
1031,-168,Values_DE,-2.48%
1415,-168,Values_ES,-0.62%
1799,-168,Values_IT,-1.12%
2183,-168,Values_BRA,-0.13%
262,-167,Values_ARG,-0.13%
646,-167,Values_FR,-0.87%
1030,-167,Values_DE,-0.87%
1414,-167,Values_ES,-0.87%
1798,-167,Values_IT,-0.87%
2182,-167,Values_BRA,-0.87%
261,-166,Values_ARG,-0.87%
645,-166,Values_FR,0.15%
1029,-166,Values_DE,0.15%
1413,-166,Values_ES,0.15%
1797,-166,Values_IT,0.15%
2181,-166,Values_BRA,0.15%
260,-165,Values_ARG,-1.02%
644,-165,Values_FR,-0.50%
1028,-165,Values_DE,-0.46%
1412,-165,Values_ES,-1.09%
1796,-165,Values_IT,0.30%
2180,-165,Values_BRA,-3.80%
259,-164,Values_ARG,3.99%
643,-164,Values_FR,-1.64%
1027,-164,Values_DE,0.62%
1411,-164,Values_ES,0.87%
1795,-164,Values_IT,-0.38%
2179,-164,Values_BRA,-0.75%
258,-163,Values_ARG,2.57%
642,-163,Values_FR,2.57%
1026,-163,Values_DE,-0.75%
1410,-163,Values_ES,-2.69%
1794,-163,Values_IT,0.78%
2178,-163,Values_BRA,0.46%
257,-162,Values_ARG,7.56%
641,-162,Values_FR,7.56%
1025,-162,Values_DE,0.39%
1409,-162,Values_ES,-1.93%
1793,-162,Values_IT,1.55%
2177,-162,Values_BRA,1.59%
256,-161,Values_ARG,3.51%
640,-161,Values_FR,-1.48%
1024,-161,Values_DE,-0.71%
1408,-161,Values_ES,1.09%
1792,-161,Values_IT,0.59%
2176,-161,Values_BRA,0.25%
255,-160,Values_ARG,0.25%
639,-160,Values_FR,-2.35%
1023,-160,Values_DE,-2.35%
1407,-160,Values_ES,-2.35%
1791,-160,Values_IT,-2.35%
2175,-160,Values_BRA,-2.35%
253,-159,Values_ARG,-2.35%
637,-159,Values_FR,1.82%
1021,-159,Values_DE,1.82%
1405,-159,Values_ES,1.82%
1789,-159,Values_IT,1.82%
2173,-159,Values_BRA,1.82%
252,-158,Values_ARG,-1.34%
636,-158,Values_FR,-1.98%
1020,-158,Values_DE,-1.29%
1404,-158,Values_ES,0.43%
1788,-158,Values_IT,-0.10%
2172,-158,Values_BRA,-1.42%
251,-157,Values_ARG,-1.17%
635,-157,Values_FR,-1.41%
1019,-157,Values_DE,-0.64%
1403,-157,Values_ES,1.33%
1787,-157,Values_IT,-0.03%
2171,-157,Values_BRA,-1.10%
250,-156,Values_ARG,-0.91%
634,-156,Values_FR,-0.91%
1018,-156,Values_DE,-0.13%
1402,-156,Values_ES,-2.27%
1786,-156,Values_IT,0.85%
2170,-156,Values_BRA,2.00%
249,-155,Values_ARG,-1.71%
633,-155,Values_FR,-1.71%
1017,-155,Values_DE,1.54%
1401,-155,Values_ES,-5.94%
1785,-155,Values_IT,-1.34%
2169,-155,Values_BRA,-1.10%
248,-154,Values_ARG,3.69%
632,-154,Values_FR,1.20%
1016,-154,Values_DE,0.49%
1400,-154,Values_ES,-1.35%
1784,-154,Values_IT,-0.18%
2168,-154,Values_BRA,-0.18%
247,-153,Values_ARG,-0.18%
631,-153,Values_FR,-0.60%
1015,-153,Values_DE,-0.60%
1399,-153,Values_ES,-0.60%
1783,-153,Values_IT,-0.60%
2167,-153,Values_BRA,-0.60%
246,-152,Values_ARG,-0.60%
630,-152,Values_FR,1.10%
1014,-152,Values_DE,1.10%
1398,-152,Values_ES,1.10%
1782,-152,Values_IT,1.10%
2166,-152,Values_BRA,1.10%
245,-151,Values_ARG,1.17%
629,-151,Values_FR,1.11%
1013,-151,Values_DE,-0.13%
1397,-151,Values_ES,1.02%
1781,-151,Values_IT,1.25%
2165,-151,Values_BRA,-0.98%
244,-150,Values_ARG,1.65%
628,-150,Values_FR,1.13%
1012,-150,Values_DE,2.03%
1396,-150,Values_ES,0.68%
1780,-150,Values_IT,-0.41%
2164,-150,Values_BRA,-4.33%
242,-149,Values_ARG,-0.22%
626,-149,Values_FR,-0.22%
1010,-149,Values_DE,0.65%
1394,-149,Values_ES,1.75%
1778,-149,Values_IT,-0.17%
2162,-149,Values_BRA,0.02%
241,-148,Values_ARG,4.74%
625,-148,Values_FR,4.74%
1009,-148,Values_DE,0.60%
1393,-148,Values_ES,-1.66%
1777,-148,Values_IT,1.15%
2161,-148,Values_BRA,1.43%
240,-147,Values_ARG,1.64%
624,-147,Values_FR,-0.48%
1008,-147,Values_DE,0.68%
1392,-147,Values_ES,-0.55%
1776,-147,Values_IT,-0.95%
2160,-147,Values_BRA,-0.77%
239,-146,Values_ARG,-0.77%
623,-146,Values_FR,0.64%
1007,-146,Values_DE,0.64%
1391,-146,Values_ES,0.64%
1775,-146,Values_IT,0.64%
2159,-146,Values_BRA,0.64%
238,-145,Values_ARG,0.64%
622,-145,Values_FR,0.23%
1006,-145,Values_DE,0.23%
1390,-145,Values_ES,0.23%
1774,-145,Values_IT,0.23%
2158,-145,Values_BRA,0.23%
237,-144,Values_ARG,4.97%
621,-144,Values_FR,0.13%
1005,-144,Values_DE,-0.06%
1389,-144,Values_ES,0.67%
1773,-144,Values_IT,0.67%
2157,-144,Values_BRA,-1.17%
236,-143,Values_ARG,0.44%
620,-143,Values_FR,0.15%
1004,-143,Values_DE,0.03%
1388,-143,Values_ES,0.97%
1772,-143,Values_IT,-0.27%
2156,-143,Values_BRA,2.05%
235,-142,Values_ARG,5.27%
619,-142,Values_FR,5.27%
1003,-142,Values_DE,0.00%
1387,-142,Values_ES,1.01%
1771,-142,Values_IT,0.18%
2155,-142,Values_BRA,0.02%
234,-141,Values_ARG,0.82%
618,-141,Values_FR,0.82%
1002,-141,Values_DE,-0.43%
1386,-141,Values_ES,0.72%
1770,-141,Values_IT,0.81%
2154,-141,Values_BRA,-0.57%
233,-140,Values_ARG,-3.82%
617,-140,Values_FR,0.51%
1001,-140,Values_DE,0.40%
1385,-140,Values_ES,0.97%
1769,-140,Values_IT,0.45%
2153,-140,Values_BRA,-0.85%
231,-139,Values_ARG,-0.85%
615,-139,Values_FR,-0.01%
999,-139,Values_DE,-0.01%
1383,-139,Values_ES,-0.01%
1767,-139,Values_IT,-0.01%
2151,-139,Values_BRA,-0.01%
230,-138,Values_ARG,-0.01%
614,-138,Values_FR,-0.44%
998,-138,Values_DE,-0.44%
1382,-138,Values_ES,-0.44%
1766,-138,Values_IT,-0.44%
2150,-138,Values_BRA,-0.44%
229,-137,Values_ARG,-4.03%
613,-137,Values_FR,-1.09%
997,-137,Values_DE,0.54%
1381,-137,Values_ES,-0.99%
1765,-137,Values_IT,0.52%
2149,-137,Values_BRA,0.52%
228,-136,Values_ARG,0.94%
612,-136,Values_FR,-2.39%
996,-136,Values_DE,-0.10%
1380,-136,Values_ES,-2.44%
1764,-136,Values_IT,0.25%
2148,-136,Values_BRA,0.25%
227,-135,Values_ARG,1.43%
611,-135,Values_FR,1.43%
995,-135,Values_DE,-0.39%
1379,-135,Values_ES,-0.57%
1763,-135,Values_IT,1.03%
2147,-135,Values_BRA,2.40%
226,-134,Values_ARG,0.04%
610,-134,Values_FR,0.04%
994,-134,Values_DE,-0.76%
1378,-134,Values_ES,-1.25%
1762,-134,Values_IT,-0.27%
2146,-134,Values_BRA,8.26%
225,-133,Values_ARG,0.47%
609,-133,Values_FR,0.60%
993,-133,Values_DE,1.08%
1377,-133,Values_ES,2.05%
1761,-133,Values_IT,0.39%
2145,-133,Values_BRA,0.20%
224,-132,Values_ARG,0.20%
608,-132,Values_FR,0.06%
992,-132,Values_DE,0.06%
1376,-132,Values_ES,0.06%
1760,-132,Values_IT,0.06%
2144,-132,Values_BRA,0.06%
223,-131,Values_ARG,0.06%
607,-131,Values_FR,0.34%
991,-131,Values_DE,0.34%
1375,-131,Values_ES,0.34%
1759,-131,Values_IT,0.34%
2143,-131,Values_BRA,0.34%
222,-130,Values_ARG,2.44%
606,-130,Values_FR,1.28%
990,-130,Values_DE,-3.44%
1374,-130,Values_ES,0.98%
1758,-130,Values_IT,0.53%
2142,-130,Values_BRA,-6.25%
220,-129,Values_ARG,-1.64%
604,-129,Values_FR,0.39%
988,-129,Values_DE,2.46%
1372,-129,Values_ES,0.83%
1756,-129,Values_IT,-1.75%
2140,-129,Values_BRA,-0.89%
219,-128,Values_ARG,0.17%
603,-128,Values_FR,0.17%
987,-128,Values_DE,-0.49%
1371,-128,Values_ES,1.36%
1755,-128,Values_IT,0.42%
2139,-128,Values_BRA,2.26%
218,-127,Values_ARG,0.99%
602,-127,Values_FR,0.99%
986,-127,Values_DE,0.01%
1370,-127,Values_ES,0.76%
1754,-127,Values_IT,-1.27%
2138,-127,Values_BRA,1.69%
217,-126,Values_ARG,2.15%
601,-126,Values_FR,0.04%
985,-126,Values_DE,-2.01%
1369,-126,Values_ES,2.55%
1753,-126,Values_IT,0.16%
2137,-126,Values_BRA,0.22%
216,-125,Values_ARG,0.22%
600,-125,Values_FR,-0.64%
984,-125,Values_DE,-0.64%
1368,-125,Values_ES,-0.64%
1752,-125,Values_IT,-0.64%
2136,-125,Values_BRA,-0.64%
215,-124,Values_ARG,-0.64%
599,-124,Values_FR,-0.18%
983,-124,Values_DE,-0.18%
1367,-124,Values_ES,-0.18%
1751,-124,Values_IT,-0.18%
2135,-124,Values_BRA,-0.18%
214,-123,Values_ARG,-0.18%
598,-123,Values_FR,0.65%
982,-123,Values_DE,-0.91%
1366,-123,Values_ES,0.53%
1750,-123,Values_IT,0.89%
2134,-123,Values_BRA,3.26%
213,-122,Values_ARG,-0.95%
597,-122,Values_FR,0.29%
981,-122,Values_DE,0.46%
1365,-122,Values_ES,-0.68%
1749,-122,Values_IT,-0.55%
2133,-122,Values_BRA,-0.76%
212,-121,Values_ARG,0.94%
596,-121,Values_FR,0.94%
980,-121,Values_DE,-1.28%
1364,-121,Values_ES,1.07%
1748,-121,Values_IT,-0.42%
2132,-121,Values_BRA,1.89%
211,-120,Values_ARG,4.39%
595,-120,Values_FR,4.39%
979,-120,Values_DE,-1.86%
1363,-120,Values_ES,-0.68%
1747,-120,Values_IT,0.80%
2131,-120,Values_BRA,-0.84%
209,-119,Values_ARG,-0.37%
593,-119,Values_FR,-1.13%
977,-119,Values_DE,0.43%
1361,-119,Values_ES,0.29%
1745,-119,Values_IT,0.72%
2129,-119,Values_BRA,1.84%
208,-118,Values_ARG,1.84%
592,-118,Values_FR,0.57%
976,-118,Values_DE,0.57%
1360,-118,Values_ES,0.57%
1744,-118,Values_IT,0.57%
2128,-118,Values_BRA,0.57%
207,-117,Values_ARG,0.57%
591,-117,Values_FR,-0.24%
975,-117,Values_DE,-0.24%
1359,-117,Values_ES,-0.24%
1743,-117,Values_IT,-0.24%
2127,-117,Values_BRA,-0.24%
206,-116,Values_ARG,0.95%
590,-116,Values_FR,-1.38%
974,-116,Values_DE,1.37%
1358,-116,Values_ES,-1.08%
1742,-116,Values_IT,0.71%
2126,-116,Values_BRA,0.67%
205,-115,Values_ARG,3.59%
589,-115,Values_FR,-1.39%
973,-115,Values_DE,0.67%
1357,-115,Values_ES,0.93%
1741,-115,Values_IT,0.39%
2125,-115,Values_BRA,-2.51%
204,-114,Values_ARG,2.37%
588,-114,Values_FR,2.37%
972,-114,Values_DE,0.37%
1356,-114,Values_ES,0.97%
1740,-114,Values_IT,0.39%
2124,-114,Values_BRA,-2.13%
203,-113,Values_ARG,1.81%
587,-113,Values_FR,1.81%
971,-113,Values_DE,0.21%
1355,-113,Values_ES,-0.84%
1739,-113,Values_IT,0.11%
2123,-113,Values_BRA,-0.63%
202,-112,Values_ARG,-0.92%
586,-112,Values_FR,-0.57%
970,-112,Values_DE,0.50%
1354,-112,Values_ES,-0.75%
1738,-112,Values_IT,-0.44%
2122,-112,Values_BRA,1.60%
201,-111,Values_ARG,1.60%
585,-111,Values_FR,0.98%
969,-111,Values_DE,0.98%
1353,-111,Values_ES,0.98%
1737,-111,Values_IT,0.98%
2121,-111,Values_BRA,0.98%
200,-110,Values_ARG,0.98%
584,-110,Values_FR,0.29%
968,-110,Values_DE,0.29%
1352,-110,Values_ES,0.29%
1736,-110,Values_IT,0.29%
2120,-110,Values_BRA,0.29%
198,-109,Values_ARG,1.66%
582,-109,Values_FR,0.72%
966,-109,Values_DE,-1.65%
1350,-109,Values_ES,-1.17%
1734,-109,Values_IT,0.33%
2118,-109,Values_BRA,-1.82%
197,-108,Values_ARG,-1.86%
581,-108,Values_FR,-1.86%
965,-108,Values_DE,1.63%
1349,-108,Values_ES,1.24%
1733,-108,Values_IT,0.29%
2117,-108,Values_BRA,3.65%
196,-107,Values_ARG,-3.47%
580,-107,Values_FR,-3.47%
964,-107,Values_DE,1.18%
1348,-107,Values_ES,-1.18%
1732,-107,Values_IT,-0.22%
2116,-107,Values_BRA,0.07%
195,-106,Values_ARG,0.04%
579,-106,Values_FR,0.04%
963,-106,Values_DE,0.03%
1347,-106,Values_ES,2.07%
1731,-106,Values_IT,-0.72%
2115,-106,Values_BRA,-0.97%
194,-105,Values_ARG,-0.97%
578,-105,Values_FR,-0.97%
962,-105,Values_DE,1.44%
1346,-105,Values_ES,-0.18%
1730,-105,Values_IT,-0.17%
2114,-105,Values_BRA,1.97%
193,-104,Values_ARG,1.97%
577,-104,Values_FR,-0.29%
961,-104,Values_DE,-0.29%
1345,-104,Values_ES,-0.29%
1729,-104,Values_IT,-0.29%
2113,-104,Values_BRA,-0.29%
192,-103,Values_ARG,-0.29%
576,-103,Values_FR,-0.20%
960,-103,Values_DE,-0.20%
1344,-103,Values_ES,-0.20%
1728,-103,Values_IT,-0.20%
2112,-103,Values_BRA,-0.20%
191,-102,Values_ARG,1.44%
575,-102,Values_FR,2.62%
959,-102,Values_DE,-0.33%
1343,-102,Values_ES,0.18%
1727,-102,Values_IT,-1.22%
2111,-102,Values_BRA,-0.77%
190,-101,Values_ARG,-0.69%
574,-101,Values_FR,-0.35%
958,-101,Values_DE,0.50%
1342,-101,Values_ES,-0.99%
1726,-101,Values_IT,-0.71%
2110,-101,Values_BRA,-1.32%
189,-100,Values_ARG,2.69%
573,-100,Values_FR,2.69%
957,-100,Values_DE,0.20%
1341,-100,Values_ES,-1.00%
1725,-100,Values_IT,0.68%
2109,-100,Values_BRA,-0.08%
383,-99,Values_ARG,0.36%
767,-99,Values_FR,0.36%
1151,-99,Values_DE,0.06%
1535,-99,Values_ES,1.81%
1919,-99,Values_IT,1.34%
2303,-99,Values_BRA,-3.22%
382,-98,Values_ARG,2.21%
766,-98,Values_FR,0.10%
1150,-98,Values_DE,0.70%
1534,-98,Values_ES,0.70%
1918,-98,Values_IT,-0.73%
2302,-98,Values_BRA,-2.69%
381,-97,Values_ARG,-2.69%
765,-97,Values_FR,0.84%
1149,-97,Values_DE,0.84%
1533,-97,Values_ES,0.84%
1917,-97,Values_IT,0.84%
2301,-97,Values_BRA,0.84%
380,-96,Values_ARG,0.84%
764,-96,Values_FR,-0.56%
1148,-96,Values_DE,-0.56%
1532,-96,Values_ES,-0.56%
1916,-96,Values_IT,-0.56%
2300,-96,Values_BRA,-0.56%
379,-95,Values_ARG,0.05%
763,-95,Values_FR,0.59%
1147,-95,Values_DE,-1.91%
1531,-95,Values_ES,-1.91%
1915,-95,Values_IT,0.93%
2299,-95,Values_BRA,-0.89%
378,-94,Values_ARG,-1.22%
762,-94,Values_FR,0.11%
1146,-94,Values_DE,-0.21%
1530,-94,Values_ES,0.84%
1914,-94,Values_IT,-0.63%
2298,-94,Values_BRA,2.10%
377,-93,Values_ARG,2.66%
761,-93,Values_FR,2.66%
1145,-93,Values_DE,0.16%
1529,-93,Values_ES,0.28%
1913,-93,Values_IT,1.05%
2297,-93,Values_BRA,-0.56%
376,-92,Values_ARG,-1.35%
760,-92,Values_FR,-1.35%
1144,-92,Values_DE,-0.54%
1528,-92,Values_ES,-1.03%
1912,-92,Values_IT,-0.09%
2296,-92,Values_BRA,-1.76%
375,-91,Values_ARG,0.67%
759,-91,Values_FR,-0.04%
1143,-91,Values_DE,-1.47%
1527,-91,Values_ES,2.87%
1911,-91,Values_IT,-1.08%
2295,-91,Values_BRA,-1.08%
374,-90,Values_ARG,-1.08%
758,-90,Values_FR,0.76%
1142,-90,Values_DE,0.76%
1526,-90,Values_ES,0.76%
1910,-90,Values_IT,0.76%
2294,-90,Values_BRA,0.76%
372,-89,Values_ARG,0.76%
756,-89,Values_FR,0.50%
1140,-89,Values_DE,0.50%
1524,-89,Values_ES,0.50%
1908,-89,Values_IT,0.50%
2292,-89,Values_BRA,0.50%
371,-88,Values_ARG,3.10%
755,-88,Values_FR,0.21%
1139,-88,Values_DE,0.26%
1523,-88,Values_ES,0.58%
1907,-88,Values_IT,1.33%
2291,-88,Values_BRA,2.04%
370,-87,Values_ARG,-1.55%
754,-87,Values_FR,0.39%
1138,-87,Values_DE,-1.77%
1522,-87,Values_ES,0.00%
1906,-87,Values_IT,-2.18%
2290,-87,Values_BRA,-1.71%
369,-86,Values_ARG,-0.64%
753,-86,Values_FR,-0.64%
1137,-86,Values_DE,1.57%
1521,-86,Values_ES,0.37%
1905,-86,Values_IT,0.22%
2289,-86,Values_BRA,-1.41%
368,-85,Values_ARG,1.70%
752,-85,Values_FR,1.70%
1136,-85,Values_DE,0.99%
1520,-85,Values_ES,0.17%
1904,-85,Values_IT,-0.17%
2288,-85,Values_BRA,2.12%
367,-84,Values_ARG,-4.38%
751,-84,Values_FR,0.48%
1135,-84,Values_DE,0.48%
1519,-84,Values_ES,-2.29%
1903,-84,Values_IT,0.00%
2287,-84,Values_BRA,-1.11%
366,-83,Values_ARG,-1.11%
750,-83,Values_FR,0.10%
1134,-83,Values_DE,0.10%
1518,-83,Values_ES,0.10%
1902,-83,Values_IT,0.10%
2286,-83,Values_BRA,0.10%
365,-82,Values_ARG,0.10%
749,-82,Values_FR,-0.57%
1133,-82,Values_DE,-0.57%
1517,-82,Values_ES,-0.57%
1901,-82,Values_IT,-0.57%
2285,-82,Values_BRA,-0.57%
364,-81,Values_ARG,-3.35%
748,-81,Values_FR,0.74%
1132,-81,Values_DE,0.74%
1516,-81,Values_ES,-0.53%
1900,-81,Values_IT,0.00%
2284,-81,Values_BRA,-0.65%
363,-80,Values_ARG,-1.94%
747,-80,Values_FR,0.54%
1131,-80,Values_DE,2.02%
1515,-80,Values_ES,0.95%
1899,-80,Values_IT,-0.44%
2283,-80,Values_BRA,0.56%
361,-79,Values_ARG,1.88%
745,-79,Values_FR,1.88%
1129,-79,Values_DE,-0.58%
1513,-79,Values_ES,-2.13%
1897,-79,Values_IT,1.43%
2281,-79,Values_BRA,1.65%
360,-78,Values_ARG,-0.01%
744,-78,Values_FR,-0.01%
1128,-78,Values_DE,0.05%
1512,-78,Values_ES,-2.19%
1896,-78,Values_IT,0.80%
2280,-78,Values_BRA,-0.53%
359,-77,Values_ARG,0.80%
743,-77,Values_FR,0.68%
1127,-77,Values_DE,-1.54%
1511,-77,Values_ES,0.89%
1895,-77,Values_IT,0.38%
2279,-77,Values_BRA,2.75%
358,-75,Values_ARG,2.75%
742,-75,Values_FR,0.16%
1126,-75,Values_DE,0.16%
1510,-75,Values_ES,0.16%
1894,-75,Values_IT,0.16%
2278,-75,Values_BRA,0.16%
357,-74,Values_ARG,4.28%
741,-74,Values_FR,-0.50%
1125,-74,Values_DE,0.48%
1509,-74,Values_ES,0.19%
1893,-74,Values_IT,-1.19%
2277,-74,Values_BRA,-2.35%
356,-73,Values_ARG,-0.09%
740,-73,Values_FR,0.26%
1124,-73,Values_DE,1.46%
1508,-73,Values_ES,-4.19%
1892,-73,Values_IT,0.11%
2276,-73,Values_BRA,0.75%
355,-72,Values_ARG,1.24%
739,-72,Values_FR,1.24%
1123,-72,Values_DE,0.20%
1507,-72,Values_ES,-2.99%
1891,-72,Values_IT,0.69%
2275,-72,Values_BRA,1.52%
354,-71,Values_ARG,-1.42%
738,-71,Values_FR,-1.42%
1122,-71,Values_DE,-1.42%
1506,-71,Values_ES,2.69%
1890,-71,Values_IT,-0.55%
2274,-71,Values_BRA,0.68%
353,-70,Values_ARG,0.68%
737,-70,Values_FR,0.28%
1121,-70,Values_DE,-0.49%
1505,-70,Values_ES,0.49%
1889,-70,Values_IT,-0.94%
2273,-70,Values_BRA,-1.04%
351,-69,Values_ARG,-1.04%
735,-69,Values_FR,-0.17%
1119,-69,Values_DE,-0.17%
1503,-69,Values_ES,-0.17%
1887,-69,Values_IT,-0.17%
2271,-69,Values_BRA,-0.17%
350,-68,Values_ARG,-0.17%
734,-68,Values_FR,0.23%
1118,-68,Values_DE,0.23%
1502,-68,Values_ES,0.23%
1886,-68,Values_IT,0.23%
2270,-68,Values_BRA,0.23%
349,-67,Values_ARG,0.23%
733,-67,Values_FR,0.20%
1117,-67,Values_DE,-0.28%
1501,-67,Values_ES,-0.66%
1885,-67,Values_IT,0.00%
2269,-67,Values_BRA,-2.03%
348,-66,Values_ARG,-5.30%
732,-66,Values_FR,-0.07%
1116,-66,Values_DE,-0.65%
1500,-66,Values_ES,-5.41%
1884,-66,Values_IT,1.06%
2268,-66,Values_BRA,-0.56%
347,-65,Values_ARG,-0.43%
731,-65,Values_FR,-0.43%
1115,-65,Values_DE,0.57%
1499,-65,Values_ES,-2.27%
1883,-65,Values_IT,-0.69%
2267,-65,Values_BRA,1.38%
346,-64,Values_ARG,3.20%
730,-64,Values_FR,3.20%
1114,-64,Values_DE,0.90%
1498,-64,Values_ES,-2.93%
1882,-64,Values_IT,0.60%
2266,-64,Values_BRA,-1.05%
345,-63,Values_ARG,-2.47%
729,-63,Values_FR,-0.02%
1113,-63,Values_DE,-0.27%
1497,-63,Values_ES,-3.28%
1881,-63,Values_IT,0.69%
2265,-63,Values_BRA,-1.46%
344,-62,Values_ARG,-1.46%
728,-62,Values_FR,0.23%
1112,-62,Values_DE,0.23%
1496,-62,Values_ES,0.23%
1880,-62,Values_IT,0.23%
2264,-62,Values_BRA,0.23%
343,-61,Values_ARG,0.23%
727,-61,Values_FR,0.26%
1111,-61,Values_DE,0.26%
1495,-61,Values_ES,0.26%
1879,-61,Values_IT,0.26%
2263,-61,Values_BRA,0.26%
342,-60,Values_ARG,1.21%
726,-60,Values_FR,0.98%
1110,-60,Values_DE,1.26%
1494,-60,Values_ES,14.43%
1878,-60,Values_IT,0.40%
2262,-60,Values_BRA,0.27%
340,-59,Values_ARG,-1.02%
724,-59,Values_FR,-0.13%
1108,-59,Values_DE,0.54%
1492,-59,Values_ES,-3.32%
1876,-59,Values_IT,0.55%
2260,-59,Values_BRA,-0.28%
339,-58,Values_ARG,-0.77%
723,-58,Values_FR,-0.77%
1107,-58,Values_DE,0.00%
1491,-58,Values_ES,0.81%
1875,-58,Values_IT,-0.32%
2259,-58,Values_BRA,-0.32%
338,-57,Values_ARG,-0.25%
722,-57,Values_FR,-0.25%
1106,-57,Values_DE,-1.01%
1490,-57,Values_ES,-1.11%
1874,-57,Values_IT,-0.31%
2258,-57,Values_BRA,-4.25%
337,-56,Values_ARG,2.06%
721,-56,Values_FR,0.41%
1105,-56,Values_DE,-0.28%
1489,-56,Values_ES,-6.64%
1873,-56,Values_IT,-1.52%
2257,-56,Values_BRA,1.11%
336,-55,Values_ARG,1.11%
720,-55,Values_FR,0.05%
1104,-55,Values_DE,0.05%
1488,-55,Values_ES,0.05%
1872,-55,Values_IT,0.05%
2256,-55,Values_BRA,0.05%
335,-54,Values_ARG,0.05%
719,-54,Values_FR,-1.32%
1103,-54,Values_DE,-1.32%
1487,-54,Values_ES,-1.32%
1871,-54,Values_IT,-1.32%
2255,-54,Values_BRA,-1.32%
334,-53,Values_ARG,0.57%
718,-53,Values_FR,-0.31%
1102,-53,Values_DE,0.31%
1486,-53,Values_ES,-0.31%
1870,-53,Values_IT,-1.23%
2254,-53,Values_BRA,-1.73%
333,-52,Values_ARG,3.02%
717,-52,Values_FR,-0.11%
1101,-52,Values_DE,-0.21%
1485,-52,Values_ES,3.68%
1869,-52,Values_IT,0.18%
2253,-52,Values_BRA,-1.54%
332,-51,Values_ARG,0.74%
716,-51,Values_FR,0.74%
1100,-51,Values_DE,0.61%
1484,-51,Values_ES,-2.61%
1868,-51,Values_IT,-2.85%
2252,-51,Values_BRA,2.61%
331,-50,Values_ARG,2.12%
715,-50,Values_FR,2.12%
1099,-50,Values_DE,0.24%
1483,-50,Values_ES,-1.13%
1867,-50,Values_IT,-0.10%
2251,-50,Values_BRA,-4.52%
329,-49,Values_ARG,-0.18%
713,-49,Values_FR,-0.61%
1097,-49,Values_DE,0.48%
1481,-49,Values_ES,1.48%
1865,-49,Values_IT,0.57%
2249,-49,Values_BRA,1.26%
328,-48,Values_ARG,1.26%
712,-48,Values_FR,-1.29%
1096,-48,Values_DE,-1.29%
1480,-48,Values_ES,-1.29%
1864,-48,Values_IT,-1.29%
2248,-48,Values_BRA,-1.29%
327,-47,Values_ARG,-1.29%
711,-47,Values_FR,-0.20%
1095,-47,Values_DE,-0.20%
1479,-47,Values_ES,-0.20%
1863,-47,Values_IT,-0.20%
2247,-47,Values_BRA,-0.20%
326,-46,Values_ARG,1.42%
710,-46,Values_FR,-0.53%
1094,-46,Values_DE,1.28%
1478,-46,Values_ES,-1.27%
1862,-46,Values_IT,-3.76%
2246,-46,Values_BRA,-1.63%
325,-45,Values_ARG,2.04%
709,-45,Values_FR,1.24%
1093,-45,Values_DE,0.49%
1477,-45,Values_ES,-3.05%
1861,-45,Values_IT,1.82%
2245,-45,Values_BRA,2.12%
324,-44,Values_ARG,-2.41%
708,-44,Values_FR,-2.41%
1092,-44,Values_DE,-0.02%
1476,-44,Values_ES,0.42%
1860,-44,Values_IT,-0.65%
2244,-44,Values_BRA,0.88%
323,-43,Values_ARG,0.76%
707,-43,Values_FR,0.76%
1091,-43,Values_DE,0.00%
1475,-43,Values_ES,3.23%
1859,-43,Values_IT,1.45%
2243,-43,Values_BRA,2.63%
322,-42,Values_ARG,0.54%
706,-42,Values_FR,0.14%
1090,-42,Values_DE,0.04%
1474,-42,Values_ES,0.97%
1858,-42,Values_IT,1.18%
2242,-42,Values_BRA,0.12%
321,-41,Values_ARG,0.12%
705,-41,Values_FR,-0.22%
1089,-41,Values_DE,-0.22%
1473,-41,Values_ES,-0.22%
1857,-41,Values_IT,-0.22%
2241,-41,Values_BRA,-0.22%
320,-40,Values_ARG,-0.22%
704,-40,Values_FR,-0.06%
1088,-40,Values_DE,-0.06%
1472,-40,Values_ES,-0.06%
1856,-40,Values_IT,-0.06%
2240,-40,Values_BRA,-0.06%
318,-39,Values_ARG,-2.27%
702,-39,Values_FR,-0.17%
1086,-39,Values_DE,0.07%
1470,-39,Values_ES,-0.70%
1854,-39,Values_IT,-0.07%
2238,-39,Values_BRA,-0.56%
317,-38,Values_ARG,0.06%
701,-38,Values_FR,0.03%
1085,-38,Values_DE,-0.31%
1469,-38,Values_ES,-0.64%
1853,-38,Values_IT,-2.18%
2237,-38,Values_BRA,0.35%
316,-37,Values_ARG,-3.27%
700,-37,Values_FR,-3.27%
1084,-37,Values_DE,0.07%
1468,-37,Values_ES,-0.34%
1852,-37,Values_IT,1.83%
2236,-37,Values_BRA,-2.95%
315,-36,Values_ARG,1.25%
699,-36,Values_FR,1.25%
1083,-36,Values_DE,0.21%
1467,-36,Values_ES,0.09%
1851,-36,Values_IT,0.39%
2235,-36,Values_BRA,1.27%
314,-35,Values_ARG,3.82%
698,-35,Values_FR,0.43%
1082,-35,Values_DE,0.40%
1466,-35,Values_ES,-3.80%
1850,-35,Values_IT,-0.17%
2234,-35,Values_BRA,0.01%
313,-34,Values_ARG,0.01%
697,-34,Values_FR,-0.38%
1081,-34,Values_DE,-0.38%
1465,-34,Values_ES,-0.38%
1849,-34,Values_IT,-0.38%
2233,-34,Values_BRA,-0.38%
312,-33,Values_ARG,-0.38%
696,-33,Values_FR,-0.01%
1080,-33,Values_DE,-0.01%
1464,-33,Values_ES,-0.01%
1848,-33,Values_IT,-0.01%
2232,-33,Values_BRA,-0.01%
311,-32,Values_ARG,1.51%
695,-32,Values_FR,1.39%
1079,-32,Values_DE,0.21%
1463,-32,Values_ES,-1.44%
1847,-32,Values_IT,-0.18%
2231,-32,Values_BRA,1.70%
310,-31,Values_ARG,1.62%
694,-31,Values_FR,-0.48%
1078,-31,Values_DE,0.20%
1462,-31,Values_ES,-1.43%
1846,-31,Values_IT,-1.85%
2230,-31,Values_BRA,-0.03%
309,-30,Values_ARG,-0.68%
693,-30,Values_FR,-0.68%
1077,-30,Values_DE,-0.79%
1461,-30,Values_ES,2.29%
1845,-30,Values_IT,0.93%
2229,-30,Values_BRA,2.11%
307,-29,Values_ARG,0.75%
691,-29,Values_FR,0.75%
1075,-29,Values_DE,-0.11%
1459,-29,Values_ES,3.72%
1843,-29,Values_IT,-2.26%
2227,-29,Values_BRA,-2.26%
306,-28,Values_ARG,1.28%
690,-28,Values_FR,-0.93%
1074,-28,Values_DE,-0.26%
1458,-28,Values_ES,3.95%
1842,-28,Values_IT,1.47%
2226,-28,Values_BRA,-0.58%
305,-27,Values_ARG,-0.58%
689,-27,Values_FR,-1.10%
1073,-27,Values_DE,-1.10%
1457,-27,Values_ES,-1.10%
1841,-27,Values_IT,-1.10%
2225,-27,Values_BRA,-1.10%
304,-26,Values_ARG,-1.10%
688,-26,Values_FR,-0.34%
1072,-26,Values_DE,-0.34%
1456,-26,Values_ES,-0.34%
1840,-26,Values_IT,-0.34%
2224,-26,Values_BRA,-0.34%
303,-25,Values_ARG,-0.34%
687,-25,Values_FR,-1.05%
1071,-25,Values_DE,-0.29%
1455,-25,Values_ES,0.23%
1839,-25,Values_IT,-1.12%
2223,-25,Values_BRA,-2.18%
302,-24,Values_ARG,0.58%
686,-24,Values_FR,1.34%
1070,-24,Values_DE,0.37%
1454,-24,Values_ES,1.65%
1838,-24,Values_IT,-1.40%
2222,-24,Values_BRA,-0.71%
301,-23,Values_ARG,0.25%
685,-23,Values_FR,0.25%
1069,-23,Values_DE,0.10%
1453,-23,Values_ES,-0.60%
1837,-23,Values_IT,-0.22%
2221,-23,Values_BRA,0.58%
300,-22,Values_ARG,1.50%
684,-22,Values_FR,1.50%
1068,-22,Values_DE,0.74%
1452,-22,Values_ES,0.74%
1836,-22,Values_IT,1.93%
2220,-22,Values_BRA,-4.13%
299,-21,Values_ARG,1.73%
683,-21,Values_FR,-1.92%
1067,-21,Values_DE,-0.17%
1451,-21,Values_ES,2.22%
1835,-21,Values_IT,-0.82%
2219,-21,Values_BRA,1.43%
298,-20,Values_ARG,1.43%
682,-20,Values_FR,-0.05%
1066,-20,Values_DE,-0.05%
1450,-20,Values_ES,-0.05%
1834,-20,Values_IT,-0.05%
2218,-20,Values_BRA,-0.05%
287,-19,Values_ARG,-0.05%
671,-19,Values_FR,0.87%
1055,-19,Values_DE,0.87%
1439,-19,Values_ES,0.87%
1823,-19,Values_IT,0.87%
2207,-19,Values_BRA,0.87%
276,-18,Values_ARG,0.34%
660,-18,Values_FR,-0.97%
1044,-18,Values_DE,-0.66%
1428,-18,Values_ES,1.00%
1812,-18,Values_IT,-0.22%
2196,-18,Values_BRA,2.06%
265,-17,Values_ARG,2.38%
649,-17,Values_FR,0.91%
1033,-17,Values_DE,0.17%
1417,-17,Values_ES,-0.55%
1801,-17,Values_IT,0.58%
2185,-17,Values_BRA,-2.86%
254,-16,Values_ARG,0.20%
638,-16,Values_FR,0.20%
1022,-16,Values_DE,-0.71%
1406,-16,Values_ES,-1.30%
1790,-16,Values_IT,0.41%
2174,-16,Values_BRA,0.00%
243,-15,Values_ARG,1.23%
627,-15,Values_FR,1.23%
1011,-15,Values_DE,-0.64%
1395,-15,Values_ES,-3.03%
1779,-15,Values_IT,0.32%
2163,-15,Values_BRA,0.45%
232,-14,Values_ARG,-0.53%
616,-14,Values_FR,-0.88%
1000,-14,Values_DE,0.10%
1384,-14,Values_ES,-0.54%
1768,-14,Values_IT,0.34%
2152,-14,Values_BRA,-2.15%
221,-13,Values_ARG,-2.15%
605,-13,Values_FR,0.76%
989,-13,Values_DE,0.76%
1373,-13,Values_ES,0.76%
1757,-13,Values_IT,0.76%
2141,-13,Values_BRA,0.76%
210,-12,Values_ARG,0.76%
594,-12,Values_FR,0.07%
978,-12,Values_DE,0.07%
1362,-12,Values_ES,0.07%
1746,-12,Values_IT,0.07%
2130,-12,Values_BRA,0.07%
199,-11,Values_ARG,-3.08%
583,-11,Values_FR,0.86%
967,-11,Values_DE,0.18%
1351,-11,Values_ES,1.61%
1735,-11,Values_IT,-0.42%
2119,-11,Values_BRA,2.15%
188,-10,Values_ARG,2.20%
572,-10,Values_FR,0.18%
956,-10,Values_DE,0.71%
1340,-10,Values_ES,-5.45%
1724,-10,Values_IT,-0.55%
2108,-10,Values_BRA,-1.45%
373,-9,Values_ARG,1.84%
757,-9,Values_FR,1.84%
1141,-9,Values_DE,0.09%
1525,-9,Values_ES,1.12%
1909,-9,Values_IT,0.34%
2293,-9,Values_BRA,-2.68%
362,-8,Values_ARG,-2.68%
746,-8,Values_FR,-2.68%
1130,-8,Values_DE,1.19%
1514,-8,Values_ES,-0.92%
1898,-8,Values_IT,1.48%
2282,-8,Values_BRA,-5.07%
352,-7,Values_ARG,-5.07%
736,-7,Values_FR,0.42%
1120,-7,Values_DE,-0.20%
1504,-7,Values_ES,0.79%
1888,-7,Values_IT,1.12%
2272,-7,Values_BRA,-4.67%
341,-6,Values_ARG,-4.67%
725,-6,Values_FR,0.67%
1109,-6,Values_DE,0.67%
1493,-6,Values_ES,0.67%
1877,-6,Values_IT,0.67%
2261,-6,Values_BRA,0.67%
330,-5,Values_ARG,0.67%
714,-5,Values_FR,-1.48%
1098,-5,Values_DE,-1.48%
1482,-5,Values_ES,-1.48%
1866,-5,Values_IT,-1.48%
2250,-5,Values_BRA,-1.48%
319,-4,Values_ARG,-2.75%
703,-4,Values_FR,0.97%
1087,-4,Values_DE,-1.03%
1471,-4,Values_ES,0.33%
1855,-4,Values_IT,0.61%
2239,-4,Values_BRA,3.77%
308,-3,Values_ARG,-0.58%
692,-3,Values_FR,0.43%
1076,-3,Values_DE,-1.35%
1460,-3,Values_ES,3.59%
1844,-3,Values_IT,0.20%
2228,-3,Values_BRA,-2.22%
297,-2,Values_ARG,-0.78%
681,-2,Values_FR,-0.78%
1065,-2,Values_DE,0.36%
1449,-2,Values_ES,3.87%
1833,-2,Values_IT,-1.45%
2217,-2,Values_BRA,0.39%
187,-1,Values_ARG,0.31%
571,-1,Values_FR,0.31%
955,-1,Values_DE,-1.52%
1339,-1,Values_ES,0.93%
1723,-1,Values_IT,0.90%
2107,-1,Values_BRA,2.97%
0,0,Values_ARG,0.23%
384,0,Values_FR,-0.36%
768,0,Values_DE,0.07%
1152,0,Values_ES,0.46%
1536,0,Values_IT,-0.27%
1920,0,Values_BRA,1.93%
1,1,Values_ARG,1.93%
385,1,Values_FR,0.24%
769,1,Values_DE,0.24%
1153,1,Values_ES,0.24%
1537,1,Values_IT,0.24%
1921,1,Values_BRA,0.24%
99,2,Values_ARG,0.24%
483,2,Values_FR,0.46%
867,2,Values_DE,0.46%
1251,2,Values_ES,0.46%
1635,2,Values_IT,0.46%
2019,2,Values_BRA,0.46%
110,3,Values_ARG,2.34%
494,3,Values_FR,-0.56%
878,3,Values_DE,1.21%
1262,3,Values_ES,-0.68%
1646,3,Values_IT,0.42%
2030,3,Values_BRA,-3.77%
121,4,Values_ARG,1.99%
505,4,Values_FR,-0.35%
889,4,Values_DE,-0.65%
1273,4,Values_ES,2.00%
1657,4,Values_IT,-1.03%
2041,4,Values_BRA,-0.18%
132,5,Values_ARG,4.36%
516,5,Values_FR,4.36%
900,5,Values_DE,1.44%
1284,5,Values_ES,0.19%
1668,5,Values_IT,0.24%
2052,5,Values_BRA,-1.41%
143,6,Values_ARG,1.45%
527,6,Values_FR,1.45%
911,6,Values_DE,-1.07%
1295,6,Values_ES,-1.15%
1679,6,Values_IT,-1.44%
2063,6,Values_BRA,-0.33%
154,7,Values_ARG,2.92%
538,7,Values_FR,-0.37%
922,7,Values_DE,-0.35%
1306,7,Values_ES,-1.66%
1690,7,Values_IT,-0.92%
2074,7,Values_BRA,-1.65%
165,8,Values_ARG,-1.65%
549,8,Values_FR,1.04%
933,8,Values_DE,1.04%
1317,8,Values_ES,1.04%
1701,8,Values_IT,1.04%
2085,8,Values_BRA,1.04%
176,9,Values_ARG,1.04%
560,9,Values_FR,-0.14%
944,9,Values_DE,-0.14%
1328,9,Values_ES,-0.14%
1712,9,Values_IT,-0.14%
2096,9,Values_BRA,-0.14%
2,10,Values_ARG,2.50%
386,10,Values_FR,1.00%
770,10,Values_DE,-1.11%
1154,10,Values_ES,-0.62%
1538,10,Values_IT,-0.45%
1922,10,Values_BRA,2.27%
13,11,Values_ARG,1.59%
397,11,Values_FR,0.57%
781,11,Values_DE,1.27%
1165,11,Values_ES,1.32%
1549,11,Values_IT,-0.29%
1933,11,Values_BRA,-0.29%
24,12,Values_ARG,3.59%
408,12,Values_FR,3.59%
792,12,Values_DE,0.20%
1176,12,Values_ES,-0.20%
1560,12,Values_IT,2.27%
1944,12,Values_BRA,-1.69%
35,13,Values_ARG,-1.58%
419,13,Values_FR,-1.58%
803,13,Values_DE,0.42%
1187,13,Values_ES,2.61%
1571,13,Values_IT,-0.26%
1955,13,Values_BRA,2.84%
46,14,Values_ARG,1.37%
430,14,Values_FR,-0.37%
814,14,Values_DE,-1.53%
1198,14,Values_ES,0.83%
1582,14,Values_IT,-0.82%
1966,14,Values_BRA,1.03%
57,15,Values_ARG,1.03%
441,15,Values_FR,0.37%
825,15,Values_DE,0.37%
1209,15,Values_ES,0.37%
1593,15,Values_IT,0.37%
1977,15,Values_BRA,0.37%
68,16,Values_ARG,0.37%
452,16,Values_FR,-0.23%
836,16,Values_DE,-0.23%
1220,16,Values_ES,-0.23%
1604,16,Values_IT,-0.23%
1988,16,Values_BRA,-0.23%
76,17,Values_ARG,2.46%
460,17,Values_FR,-0.68%
844,17,Values_DE,-0.48%
1228,17,Values_ES,1.14%
1612,17,Values_IT,1.58%
1996,17,Values_BRA,-3.25%
84,18,Values_ARG,-4.20%
468,18,Values_FR,0.33%
852,18,Values_DE,0.58%
1236,18,Values_ES,1.32%
1620,18,Values_IT,-0.33%
2004,18,Values_BRA,-0.88%
93,19,Values_ARG,1.36%
477,19,Values_FR,1.36%
861,19,Values_DE,-0.62%
1245,19,Values_ES,-0.01%
1629,19,Values_IT,0.47%
2013,19,Values_BRA,2.29%
100,20,Values_ARG,4.27%
484,20,Values_FR,4.27%
868,20,Values_DE,-1.94%
1252,20,Values_ES,0.15%
1636,20,Values_IT,0.81%
2020,20,Values_BRA,0.55%
101,21,Values_ARG,1.98%
485,21,Values_FR,-0.03%
869,21,Values_DE,-2.10%
1253,21,Values_ES,-1.50%
1637,21,Values_IT,0.61%
2021,21,Values_BRA,-2.34%
102,22,Values_ARG,-2.34%
486,22,Values_FR,0.81%
870,22,Values_DE,0.81%
1254,22,Values_ES,0.81%
1638,22,Values_IT,0.81%
2022,22,Values_BRA,0.81%
103,23,Values_ARG,0.81%
487,23,Values_FR,-0.35%
871,23,Values_DE,-0.35%
1255,23,Values_ES,-0.35%
1639,23,Values_IT,-0.35%
2023,23,Values_BRA,-0.35%
104,24,Values_ARG,0.90%
488,24,Values_FR,0.01%
872,24,Values_DE,-0.61%
1256,24,Values_ES,3.20%
1640,24,Values_IT,-0.31%
2024,24,Values_BRA,-6.39%
105,25,Values_ARG,0.04%
489,25,Values_FR,-1.59%
873,25,Values_DE,0.39%
1257,25,Values_ES,0.33%
1641,25,Values_IT,-0.86%
2025,25,Values_BRA,-1.15%
106,26,Values_ARG,4.09%
490,26,Values_FR,4.09%
874,26,Values_DE,-0.65%
1258,26,Values_ES,-0.26%
1642,26,Values_IT,1.23%
2026,26,Values_BRA,1.69%
107,27,Values_ARG,4.24%
491,27,Values_FR,4.24%
875,27,Values_DE,-1.00%
1259,27,Values_ES,-0.03%
1643,27,Values_IT,-0.72%
2027,27,Values_BRA,-2.83%
108,28,Values_ARG,3.42%
492,28,Values_FR,-0.04%
876,28,Values_DE,-0.33%
1260,28,Values_ES,-1.74%
1644,28,Values_IT,1.16%
2028,28,Values_BRA,-5.05%
109,29,Values_ARG,-5.05%
493,29,Values_FR,-0.16%
877,29,Values_DE,-0.16%
1261,29,Values_ES,-0.16%
1645,29,Values_IT,-0.16%
2029,29,Values_BRA,-0.16%
111,30,Values_ARG,-0.16%
495,30,Values_FR,-1.82%
879,30,Values_DE,-1.82%
1263,30,Values_ES,-1.82%
1647,30,Values_IT,-1.82%
2031,30,Values_BRA,-1.82%
112,31,Values_ARG,3.47%
496,31,Values_FR,0.83%
880,31,Values_DE,1.90%
1264,31,Values_ES,1.52%
1648,31,Values_IT,-1.05%
2032,31,Values_BRA,2.03%
113,32,Values_ARG,4.07%
497,32,Values_FR,-0.08%
881,32,Values_DE,-1.21%
1265,32,Values_ES,-0.87%
1649,32,Values_IT,0.34%
2033,32,Values_BRA,0.12%
114,33,Values_ARG,-9.73%
498,33,Values_FR,-9.73%
882,33,Values_DE,1.43%
1266,33,Values_ES,-3.21%
1650,33,Values_IT,0.60%
2034,33,Values_BRA,5.17%
115,34,Values_ARG,-0.08%
499,34,Values_FR,-0.08%
883,34,Values_DE,0.29%
1267,34,Values_ES,-0.31%
1651,34,Values_IT,-0.54%
2035,34,Values_BRA,-0.93%
116,35,Values_ARG,5.32%
500,35,Values_FR,0.65%
884,35,Values_DE,-1.44%
1268,35,Values_ES,-0.64%
1652,35,Values_IT,-0.02%
2036,35,Values_BRA,0.76%
117,36,Values_ARG,0.76%
501,36,Values_FR,0.54%
885,36,Values_DE,0.54%
1269,36,Values_ES,0.54%
1653,36,Values_IT,0.54%
2037,36,Values_BRA,0.54%
118,37,Values_ARG,0.54%
502,37,Values_FR,0.22%
886,37,Values_DE,0.22%
1270,37,Values_ES,0.22%
1654,37,Values_IT,0.22%
2038,37,Values_BRA,0.22%
119,38,Values_ARG,1.08%
503,38,Values_FR,-0.02%
887,38,Values_DE,1.68%
1271,38,Values_ES,-0.17%
1655,38,Values_IT,0.64%
2039,38,Values_BRA,-3.94%
120,39,Values_ARG,0.70%
504,39,Values_FR,0.24%
888,39,Values_DE,0.96%
1272,39,Values_ES,1.08%
1656,39,Values_IT,0.00%
2040,39,Values_BRA,3.45%
122,40,Values_ARG,3.16%
506,40,Values_FR,3.16%
890,40,Values_DE,-0.21%
1274,40,Values_ES,0.21%
1658,40,Values_IT,1.23%
2042,40,Values_BRA,1.40%
123,41,Values_ARG,0.55%
507,41,Values_FR,0.55%
891,41,Values_DE,0.93%
1275,41,Values_ES,-1.47%
1659,41,Values_IT,0.44%
2043,41,Values_BRA,3.49%
124,42,Values_ARG,-2.75%
508,42,Values_FR,0.86%
892,42,Values_DE,-0.66%
1276,42,Values_ES,-1.40%
1660,42,Values_IT,0.13%
2044,42,Values_BRA,-3.00%
125,43,Values_ARG,-3.00%
509,43,Values_FR,0.11%
893,43,Values_DE,0.11%
1277,43,Values_ES,0.11%
1661,43,Values_IT,0.11%
2045,43,Values_BRA,0.11%
126,44,Values_ARG,0.11%
510,44,Values_FR,0.30%
894,44,Values_DE,0.30%
1278,44,Values_ES,0.30%
1662,44,Values_IT,0.30%
2046,44,Values_BRA,0.30%
127,45,Values_ARG,-3.31%
511,45,Values_FR,-0.42%
895,45,Values_DE,1.83%
1279,45,Values_ES,1.26%
1663,45,Values_IT,-0.29%
2047,45,Values_BRA,-2.49%
128,46,Values_ARG,3.12%
512,46,Values_FR,-1.30%
896,46,Values_DE,0.82%
1280,46,Values_ES,-1.65%
1664,46,Values_IT,0.38%
2048,46,Values_BRA,-2.70%
129,47,Values_ARG,-0.98%
513,47,Values_FR,-0.98%
897,47,Values_DE,-0.19%
1281,47,Values_ES,-1.57%
1665,47,Values_IT,-0.79%
2049,47,Values_BRA,0.00%
130,48,Values_ARG,-0.88%
514,48,Values_FR,-0.88%
898,48,Values_DE,-1.12%
1282,48,Values_ES,1.12%
1666,48,Values_IT,1.04%
2050,48,Values_BRA,-0.23%
131,49,Values_ARG,-3.81%
515,49,Values_FR,0.13%
899,49,Values_DE,0.08%
1283,49,Values_ES,1.44%
1667,49,Values_IT,0.12%
2051,49,Values_BRA,3.98%
133,50,Values_ARG,3.98%
517,50,Values_FR,-1.31%
901,50,Values_DE,-1.31%
1285,50,Values_ES,-1.31%
1669,50,Values_IT,-1.31%
2053,50,Values_BRA,-1.31%
134,51,Values_ARG,-1.31%
518,51,Values_FR,-1.54%
902,51,Values_DE,-1.54%
1286,51,Values_ES,-1.54%
1670,51,Values_IT,-1.54%
2054,51,Values_BRA,-1.54%
135,52,Values_ARG,1.77%
519,52,Values_FR,-0.31%
903,52,Values_DE,0.09%
1287,52,Values_ES,-0.12%
1671,52,Values_IT,0.24%
2055,52,Values_BRA,-1.30%
136,53,Values_ARG,1.31%
520,53,Values_FR,0.16%
904,53,Values_DE,0.30%
1288,53,Values_ES,0.50%
1672,53,Values_IT,-0.02%
2056,53,Values_BRA,-1.97%
137,54,Values_ARG,1.35%
521,54,Values_FR,1.35%
905,54,Values_DE,1.26%
1289,54,Values_ES,3.51%
1673,54,Values_IT,0.51%
2057,54,Values_BRA,1.93%
138,55,Values_ARG,-0.75%
522,55,Values_FR,-0.75%
906,55,Values_DE,1.02%
1290,55,Values_ES,-0.07%
1674,55,Values_IT,-0.14%
2058,55,Values_BRA,2.88%
139,56,Values_ARG,0.67%
523,56,Values_FR,0.33%
907,56,Values_DE,0.23%
1291,56,Values_ES,0.59%
1675,56,Values_IT,0.58%
2059,56,Values_BRA,-1.12%
140,57,Values_ARG,-1.12%
524,57,Values_FR,0.27%
908,57,Values_DE,0.27%
1292,57,Values_ES,0.27%
1676,57,Values_IT,0.27%
2060,57,Values_BRA,0.27%
141,58,Values_ARG,0.27%
525,58,Values_FR,0.91%
909,58,Values_DE,0.91%
1293,58,Values_ES,0.91%
1677,58,Values_IT,0.91%
2061,58,Values_BRA,0.91%
142,59,Values_ARG,3.09%
526,59,Values_FR,-0.08%
910,59,Values_DE,0.11%
1294,59,Values_ES,0.22%
1678,59,Values_IT,0.15%
2062,59,Values_BRA,5.10%
144,60,Values_ARG,0.33%
528,60,Values_FR,0.46%
912,60,Values_DE,-0.49%
1296,60,Values_ES,-1.35%
1680,60,Values_IT,-0.22%
2064,60,Values_BRA,2.50%
145,61,Values_ARG,-1.35%
529,61,Values_FR,-1.35%
913,61,Values_DE,-0.11%
1297,61,Values_ES,1.02%
1681,61,Values_IT,-0.80%
2065,61,Values_BRA,0.08%
146,62,Values_ARG,0.89%
530,62,Values_FR,0.89%
914,62,Values_DE,-0.09%
1298,62,Values_ES,1.20%
1682,62,Values_IT,-0.55%
2066,62,Values_BRA,1.25%
147,63,Values_ARG,-3.21%
531,63,Values_FR,-0.07%
915,63,Values_DE,-0.41%
1299,63,Values_ES,-0.22%
1683,63,Values_IT,0.51%
2067,63,Values_BRA,-0.96%
148,64,Values_ARG,-0.96%
532,64,Values_FR,0.28%
916,64,Values_DE,0.28%
1300,64,Values_ES,0.28%
1684,64,Values_IT,0.28%
2068,64,Values_BRA,0.28%
149,65,Values_ARG,0.28%
533,65,Values_FR,0.56%
917,65,Values_DE,0.56%
1301,65,Values_ES,0.56%
1685,65,Values_IT,0.56%
2069,65,Values_BRA,0.56%
150,66,Values_ARG,0.56%
534,66,Values_FR,1.07%
918,66,Values_DE,0.09%
1302,66,Values_ES,0.71%
1686,66,Values_IT,-0.35%
2070,66,Values_BRA,-1.26%
151,67,Values_ARG,-1.26%
535,67,Values_FR,0.78%
919,67,Values_DE,-0.28%
1303,67,Values_ES,0.38%
1687,67,Values_IT,0.63%
2071,67,Values_BRA,-1.94%
152,68,Values_ARG,-1.71%
536,68,Values_FR,-1.71%
920,68,Values_DE,0.30%
1304,68,Values_ES,-0.51%
1688,68,Values_IT,0.16%
2072,68,Values_BRA,-1.41%
153,69,Values_ARG,1.34%
537,69,Values_FR,1.34%
921,69,Values_DE,1.41%
1305,69,Values_ES,-0.33%
1689,69,Values_IT,-0.14%
2073,69,Values_BRA,-3.17%
155,70,Values_ARG,0.13%
539,70,Values_FR,-0.33%
923,70,Values_DE,0.01%
1307,70,Values_ES,-1.20%
1691,70,Values_IT,-0.10%
2075,70,Values_BRA,-0.41%
156,71,Values_ARG,-0.41%
540,71,Values_FR,0.05%
924,71,Values_DE,0.05%
1308,71,Values_ES,0.05%
1692,71,Values_IT,0.05%
2076,71,Values_BRA,0.05%
157,72,Values_ARG,0.05%
541,72,Values_FR,0.61%
925,72,Values_DE,0.61%
1309,72,Values_ES,0.61%
1693,72,Values_IT,0.61%
2077,72,Values_BRA,0.61%
158,73,Values_ARG,0.86%
542,73,Values_FR,0.50%
926,73,Values_DE,-0.51%
1310,73,Values_ES,1.46%
1694,73,Values_IT,0.09%
2078,73,Values_BRA,2.45%
159,74,Values_ARG,-1.20%
543,74,Values_FR,-0.85%
927,74,Values_DE,-1.58%
1311,74,Values_ES,0.18%
1695,74,Values_IT,-0.65%
2079,74,Values_BRA,0.53%
160,75,Values_ARG,0.86%
544,75,Values_FR,0.86%
928,75,Values_DE,0.70%
1312,75,Values_ES,-1.93%
1696,75,Values_IT,1.09%
2080,75,Values_BRA,1.58%
161,76,Values_ARG,-2.74%
545,76,Values_FR,-2.74%
929,76,Values_DE,-1.57%
1313,76,Values_ES,-0.51%
1697,76,Values_IT,0.41%
2081,76,Values_BRA,0.22%
162,77,Values_ARG,1.28%
546,77,Values_FR,0.24%
930,77,Values_DE,-0.20%
1314,77,Values_ES,2.15%
1698,77,Values_IT,-1.01%
2082,77,Values_BRA,0.19%
163,78,Values_ARG,0.19%
547,78,Values_FR,-0.71%
931,78,Values_DE,-0.71%
1315,78,Values_ES,-0.71%
1699,78,Values_IT,-0.71%
2083,78,Values_BRA,-0.71%
164,79,Values_ARG,-0.71%
548,79,Values_FR,0.43%
932,79,Values_DE,0.43%
1316,79,Values_ES,0.43%
1700,79,Values_IT,0.43%
2084,79,Values_BRA,0.43%
166,80,Values_ARG,2.91%
550,80,Values_FR,-1.47%
934,80,Values_DE,-0.71%
1318,80,Values_ES,-1.07%
1702,80,Values_IT,0.07%
2086,80,Values_BRA,-4.03%
167,81,Values_ARG,-2.58%
551,81,Values_FR,-0.95%
935,81,Values_DE,0.55%
1319,81,Values_ES,-0.21%
1703,81,Values_IT,0.89%
2087,81,Values_BRA,-2.16%
168,82,Values_ARG,1.79%
552,82,Values_FR,1.79%
936,82,Values_DE,-0.97%
1320,82,Values_ES,-0.98%
1704,82,Values_IT,0.30%
2088,82,Values_BRA,-1.10%
169,83,Values_ARG,-1.34%
553,83,Values_FR,-1.34%
937,83,Values_DE,-1.99%
1321,83,Values_ES,0.26%
1705,83,Values_IT,0.26%
2089,83,Values_BRA,-1.66%
170,84,Values_ARG,-4.50%
554,84,Values_FR,-1.10%
938,84,Values_DE,-1.10%
1322,84,Values_ES,-0.61%
1706,84,Values_IT,0.12%
2090,84,Values_BRA,2.81%
171,85,Values_ARG,2.81%
555,85,Values_FR,0.35%
939,85,Values_DE,0.35%
1323,85,Values_ES,0.35%
1707,85,Values_IT,0.35%
2091,85,Values_BRA,0.35%
172,86,Values_ARG,0.35%
556,86,Values_FR,-2.11%
940,86,Values_DE,-2.11%
1324,86,Values_ES,-2.11%
1708,86,Values_IT,-2.11%
2092,86,Values_BRA,-2.11%
173,87,Values_ARG,-4.73%
557,87,Values_FR,-1.92%
941,87,Values_DE,0.15%
1325,87,Values_ES,-0.64%
1709,87,Values_IT,-0.08%
2093,87,Values_BRA,-4.10%
174,88,Values_ARG,-2.12%
558,88,Values_FR,-0.20%
942,88,Values_DE,-1.34%
1326,88,Values_ES,2.58%
1710,88,Values_IT,-0.12%
2094,88,Values_BRA,-0.46%
175,89,Values_ARG,-4.82%
559,89,Values_FR,-4.82%
943,89,Values_DE,-1.00%
1327,89,Values_ES,0.46%
1711,89,Values_IT,0.80%
2095,89,Values_BRA,1.15%
177,90,Values_ARG,6.46%
561,90,Values_FR,6.46%
945,90,Values_DE,0.11%
1329,90,Values_ES,0.37%
1713,90,Values_IT,0.65%
2097,90,Values_BRA,-0.69%
178,91,Values_ARG,-0.74%
562,91,Values_FR,-0.02%
946,91,Values_DE,-2.40%
1330,91,Values_ES,-0.18%
1714,91,Values_IT,-0.01%
2098,91,Values_BRA,-5.42%
179,92,Values_ARG,-5.42%
563,92,Values_FR,1.53%
947,92,Values_DE,1.53%
1331,92,Values_ES,1.53%
1715,92,Values_IT,1.53%
2099,92,Values_BRA,1.53%
180,93,Values_ARG,1.53%
564,93,Values_FR,-0.54%
948,93,Values_DE,-0.54%
1332,93,Values_ES,-0.54%
1716,93,Values_IT,-0.54%
2100,93,Values_BRA,-0.54%
181,94,Values_ARG,-0.31%
565,94,Values_FR,-0.55%
949,94,Values_DE,0.27%
1333,94,Values_ES,-0.19%
1717,94,Values_IT,0.33%
2101,94,Values_BRA,-1.56%
182,95,Values_ARG,3.50%
566,95,Values_FR,-0.63%
950,95,Values_DE,0.15%
1334,95,Values_ES,-0.49%
1718,95,Values_IT,0.62%
2102,95,Values_BRA,4.75%
183,96,Values_ARG,-1.69%
567,96,Values_FR,-1.69%
951,96,Values_DE,-2.87%
1335,96,Values_ES,2.05%
1719,96,Values_IT,0.42%
2103,96,Values_BRA,-2.25%
184,97,Values_ARG,-2.51%
568,97,Values_FR,-2.51%
952,97,Values_DE,0.13%
1336,97,Values_ES,-0.15%
1720,97,Values_IT,0.29%
2104,97,Values_BRA,3.55%
185,98,Values_ARG,3.55%
569,98,Values_FR,-0.62%
953,98,Values_DE,3.12%
1337,98,Values_ES,0.17%
1721,98,Values_IT,-0.06%
2105,98,Values_BRA,1.60%
186,99,Values_ARG,1.60%
570,99,Values_FR,-1.69%
954,99,Values_DE,-1.69%
1338,99,Values_ES,-1.69%
1722,99,Values_IT,-1.69%
2106,99,Values_BRA,-1.69%
3,100,Values_ARG,-1.69%
387,100,Values_FR,-0.29%
771,100,Values_DE,-0.29%
1155,100,Values_ES,-0.29%
1539,100,Values_IT,-0.29%
1923,100,Values_BRA,-0.29%
4,101,Values_ARG,6.60%
388,101,Values_FR,1.60%
772,101,Values_DE,-1.50%
1156,101,Values_ES,0.27%
1540,101,Values_IT,0.18%
1924,101,Values_BRA,-5.04%
5,102,Values_ARG,3.70%
389,102,Values_FR,-1.29%
773,102,Values_DE,1.94%
1157,102,Values_ES,-0.02%
1541,102,Values_IT,-1.29%
1925,102,Values_BRA,0.61%
6,103,Values_ARG,2.77%
390,103,Values_FR,2.77%
774,103,Values_DE,0.60%
1158,103,Values_ES,0.01%
1542,103,Values_IT,0.87%
1926,103,Values_BRA,-2.16%
7,104,Values_ARG,1.02%
391,104,Values_FR,1.02%
775,104,Values_DE,1.20%
1159,104,Values_ES,-0.04%
1543,104,Values_IT,-0.10%
1927,104,Values_BRA,2.26%
8,105,Values_ARG,-2.35%
392,105,Values_FR,0.44%
776,105,Values_DE,-0.66%
1160,105,Values_ES,0.30%
1544,105,Values_IT,0.08%
1928,105,Values_BRA,-0.85%
9,106,Values_ARG,-0.85%
393,106,Values_FR,-0.22%
777,106,Values_DE,-0.22%
1161,106,Values_ES,-0.22%
1545,106,Values_IT,-0.22%
1929,106,Values_BRA,-0.22%
10,107,Values_ARG,-0.22%
394,107,Values_FR,2.31%
778,107,Values_DE,2.31%
1162,107,Values_ES,2.31%
1546,107,Values_IT,2.31%
1930,107,Values_BRA,2.31%
11,108,Values_ARG,3.65%
395,108,Values_FR,-0.15%
779,108,Values_DE,-0.95%
1163,108,Values_ES,-0.50%
1547,108,Values_IT,-0.22%
1931,108,Values_BRA,-4.67%
12,109,Values_ARG,-1.26%
396,109,Values_FR,0.32%
780,109,Values_DE,1.86%
1164,109,Values_ES,-0.67%
1548,109,Values_IT,-0.21%
1932,109,Values_BRA,1.46%
14,110,Values_ARG,0.54%
398,110,Values_FR,0.54%
782,110,Values_DE,0.16%
1166,110,Values_ES,-0.90%
1550,110,Values_IT,0.28%
1934,110,Values_BRA,0.00%
15,111,Values_ARG,0.00%
399,111,Values_FR,0.00%
783,111,Values_DE,0.35%
1167,111,Values_ES,0.50%
1551,111,Values_IT,-0.27%
1935,111,Values_BRA,8.32%
16,112,Values_ARG,8.32%
400,112,Values_FR,-0.01%
784,112,Values_DE,2.33%
1168,112,Values_ES,0.55%
1552,112,Values_IT,0.08%
1936,112,Values_BRA,1.22%
17,113,Values_ARG,1.22%
401,113,Values_FR,-0.51%
785,113,Values_DE,-0.51%
1169,113,Values_ES,-0.51%
1553,113,Values_IT,-0.51%
1937,113,Values_BRA,-0.51%
18,114,Values_ARG,-0.51%
402,114,Values_FR,1.24%
786,114,Values_DE,1.24%
1170,114,Values_ES,1.24%
1554,114,Values_IT,1.24%
1938,114,Values_BRA,1.24%
19,115,Values_ARG,1.54%
403,115,Values_FR,-0.13%
787,115,Values_DE,-0.81%
1171,115,Values_ES,-1.51%
1555,115,Values_IT,0.12%
1939,115,Values_BRA,0.76%
20,116,Values_ARG,1.25%
404,116,Values_FR,-0.48%
788,116,Values_DE,-0.92%
1172,116,Values_ES,1.06%
1556,116,Values_IT,0.45%
1940,116,Values_BRA,1.93%
21,117,Values_ARG,2.65%
405,117,Values_FR,2.65%
789,117,Values_DE,1.63%
1173,117,Values_ES,-1.79%
1557,117,Values_IT,0.49%
1941,117,Values_BRA,4.79%
22,118,Values_ARG,1.30%
406,118,Values_FR,1.30%
790,118,Values_DE,0.66%
1174,118,Values_ES,0.32%
1558,118,Values_IT,-0.43%
1942,118,Values_BRA,-0.14%
23,119,Values_ARG,1.99%
407,119,Values_FR,-0.93%
791,119,Values_DE,-0.91%
1175,119,Values_ES,-1.65%
1559,119,Values_IT,0.58%
1943,119,Values_BRA,2.71%
25,120,Values_ARG,2.71%
409,120,Values_FR,0.85%
793,120,Values_DE,0.85%
1177,120,Values_ES,0.85%
1561,120,Values_IT,0.85%
1945,120,Values_BRA,0.85%
26,121,Values_ARG,0.85%
410,121,Values_FR,-0.65%
794,121,Values_DE,-0.65%
1178,121,Values_ES,-0.65%
1562,121,Values_IT,-0.65%
1946,121,Values_BRA,-0.65%
27,122,Values_ARG,2.02%
411,122,Values_FR,-0.70%
795,122,Values_DE,0.65%
1179,122,Values_ES,-1.31%
1563,122,Values_IT,1.00%
1947,122,Values_BRA,-5.04%
28,123,Values_ARG,1.07%
412,123,Values_FR,-0.17%
796,123,Values_DE,0.18%
1180,123,Values_ES,1.15%
1564,123,Values_IT,0.30%
1948,123,Values_BRA,-0.44%
29,124,Values_ARG,-3.13%
413,124,Values_FR,-3.13%
797,124,Values_DE,-1.69%
1181,124,Values_ES,-1.68%
1565,124,Values_IT,0.19%
1949,124,Values_BRA,5.89%
30,125,Values_ARG,2.33%
414,125,Values_FR,2.33%
798,125,Values_DE,0.41%
1182,125,Values_ES,-0.84%
1566,125,Values_IT,-0.27%
1950,125,Values_BRA,0.35%
31,126,Values_ARG,3.22%
415,126,Values_FR,-0.79%
799,126,Values_DE,0.05%
1183,126,Values_ES,0.76%
1567,126,Values_IT,0.45%
1951,126,Values_BRA,-0.14%
32,127,Values_ARG,-0.14%
416,127,Values_FR,-1.21%
800,127,Values_DE,-1.21%
1184,127,Values_ES,-1.21%
1568,127,Values_IT,-1.21%
1952,127,Values_BRA,-1.21%
33,128,Values_ARG,-1.21%
417,128,Values_FR,1.03%
801,128,Values_DE,1.03%
1185,128,Values_ES,1.03%
1569,128,Values_IT,1.03%
1953,128,Values_BRA,1.03%
34,129,Values_ARG,2.93%
418,129,Values_FR,-0.75%
802,129,Values_DE,0.58%
1186,129,Values_ES,1.20%
1570,129,Values_IT,0.27%
1954,129,Values_BRA,-2.02%
36,130,Values_ARG,1.21%
420,130,Values_FR,0.18%
804,130,Values_DE,1.61%
1188,130,Values_ES,-2.46%
1572,130,Values_IT,-0.21%
1956,130,Values_BRA,-0.96%
37,131,Values_ARG,0.57%
421,131,Values_FR,0.57%
805,131,Values_DE,0.17%
1189,131,Values_ES,0.93%
1573,131,Values_IT,0.77%
1957,131,Values_BRA,-2.25%
38,132,Values_ARG,-2.62%
422,132,Values_FR,-2.62%
806,132,Values_DE,0.12%
1190,132,Values_ES,1.33%
1574,132,Values_IT,0.01%
1958,132,Values_BRA,1.48%
39,133,Values_ARG,0.39%
423,133,Values_FR,0.97%
807,133,Values_DE,2.62%
1191,133,Values_ES,-0.52%
1575,133,Values_IT,-0.41%
1959,133,Values_BRA,0.75%
40,134,Values_ARG,0.75%
424,134,Values_FR,-0.24%
808,134,Values_DE,-0.24%
1192,134,Values_ES,-0.24%
1576,134,Values_IT,-0.24%
1960,134,Values_BRA,-0.24%
41,135,Values_ARG,-0.24%
425,135,Values_FR,0.00%
809,135,Values_DE,0.00%
1193,135,Values_ES,0.00%
1577,135,Values_IT,0.00%
1961,135,Values_BRA,0.00%
42,136,Values_ARG,0.00%
426,136,Values_FR,0.46%
810,136,Values_DE,0.54%
1194,136,Values_ES,-2.68%
1578,136,Values_IT,0.18%
1962,136,Values_BRA,0.07%
43,137,Values_ARG,-0.78%
427,137,Values_FR,-0.05%
811,137,Values_DE,0.77%
1195,137,Values_ES,-3.05%
1579,137,Values_IT,0.11%
1963,137,Values_BRA,-1.76%
44,138,Values_ARG,-2.58%
428,138,Values_FR,-2.58%
812,138,Values_DE,0.55%
1196,138,Values_ES,0.52%
1580,138,Values_IT,0.24%
1964,138,Values_BRA,-0.13%
45,139,Values_ARG,-2.17%
429,139,Values_FR,-2.17%
813,139,Values_DE,0.60%
1197,139,Values_ES,-0.21%
1581,139,Values_IT,0.00%
1965,139,Values_BRA,0.00%
47,140,Values_ARG,5.46%
431,140,Values_FR,1.00%
815,140,Values_DE,0.06%
1199,140,Values_ES,-1.80%
1583,140,Values_IT,-0.61%
1967,140,Values_BRA,-0.61%
48,141,Values_ARG,-0.61%
432,141,Values_FR,-0.82%
816,141,Values_DE,-0.82%
1200,141,Values_ES,-0.82%
1584,141,Values_IT,-0.82%
1968,141,Values_BRA,-0.82%
49,142,Values_ARG,-0.82%
433,142,Values_FR,-1.36%
817,142,Values_DE,-1.36%
1201,142,Values_ES,-1.36%
1585,142,Values_IT,-1.36%
1969,142,Values_BRA,-1.36%
50,143,Values_ARG,2.44%
434,143,Values_FR,-3.32%
818,143,Values_DE,-0.17%
1202,143,Values_ES,-2.33%
1586,143,Values_IT,-1.46%
1970,143,Values_BRA,2.28%
51,144,Values_ARG,1.11%
435,144,Values_FR,0.68%
819,144,Values_DE,-0.30%
1203,144,Values_ES,-0.62%
1587,144,Values_IT,0.19%
1971,144,Values_BRA,0.52%
52,145,Values_ARG,0.89%
436,145,Values_FR,0.89%
820,145,Values_DE,0.38%
1204,145,Values_ES,4.44%
1588,145,Values_IT,1.09%
1972,145,Values_BRA,0.26%
53,146,Values_ARG,0.90%
437,146,Values_FR,0.90%
821,146,Values_DE,-1.21%
1205,146,Values_ES,2.78%
1589,146,Values_IT,-0.66%
1973,146,Values_BRA,2.03%
54,147,Values_ARG,2.63%
438,147,Values_FR,-1.47%
822,147,Values_DE,2.39%
1206,147,Values_ES,0.68%
1590,147,Values_IT,-0.80%
1974,147,Values_BRA,1.30%
55,148,Values_ARG,1.30%
439,148,Values_FR,1.35%
823,148,Values_DE,1.35%
1207,148,Values_ES,1.35%
1591,148,Values_IT,1.35%
1975,148,Values_BRA,1.35%
56,149,Values_ARG,1.35%
440,149,Values_FR,2.15%
824,149,Values_DE,2.15%
1208,149,Values_ES,2.15%
1592,149,Values_IT,2.15%
1976,149,Values_BRA,2.15%
58,150,Values_ARG,-0.29%
442,150,Values_FR,-0.26%
826,150,Values_DE,-0.72%
1210,150,Values_ES,-1.25%
1594,150,Values_IT,0.52%
1978,150,Values_BRA,-2.07%
59,151,Values_ARG,-0.56%
443,151,Values_FR,-0.88%
827,151,Values_DE,-2.21%
1211,151,Values_ES,0.35%
1595,151,Values_IT,0.63%
1979,151,Values_BRA,-1.25%
60,152,Values_ARG,2.82%
444,152,Values_FR,2.82%
828,152,Values_DE,0.06%
1212,152,Values_ES,1.55%
1596,152,Values_IT,0.18%
1980,152,Values_BRA,1.03%
61,153,Values_ARG,1.04%
445,153,Values_FR,1.04%
829,153,Values_DE,0.64%
1213,153,Values_ES,1.06%
1597,153,Values_IT,0.48%
1981,153,Values_BRA,0.04%
62,154,Values_ARG,2.25%
446,154,Values_FR,-1.11%
830,154,Values_DE,-2.72%
1214,154,Values_ES,-0.62%
1598,154,Values_IT,-0.04%
1982,154,Values_BRA,2.56%
63,155,Values_ARG,2.56%
447,155,Values_FR,-0.95%
831,155,Values_DE,-0.95%
1215,155,Values_ES,-0.95%
1599,155,Values_IT,-0.95%
1983,155,Values_BRA,-0.95%
64,156,Values_ARG,-0.95%
448,156,Values_FR,0.49%
832,156,Values_DE,0.49%
1216,156,Values_ES,0.49%
1600,156,Values_IT,0.49%
1984,156,Values_BRA,0.49%
65,157,Values_ARG,0.09%
449,157,Values_FR,-1.78%
833,157,Values_DE,-2.72%
1217,157,Values_ES,0.29%
1601,157,Values_IT,0.58%
1985,157,Values_BRA,1.95%
66,158,Values_ARG,0.53%
450,158,Values_FR,0.04%
834,158,Values_DE,2.46%
1218,158,Values_ES,0.11%
1602,158,Values_IT,-0.07%
1986,158,Values_BRA,-0.31%
67,159,Values_ARG,0.26%
451,159,Values_FR,0.26%
835,159,Values_DE,-0.20%
1219,159,Values_ES,-1.50%
1603,159,Values_IT,0.58%
1987,159,Values_BRA,-0.50%
69,160,Values_ARG,-0.50%
453,160,Values_FR,-0.50%
837,160,Values_DE,2.79%
1221,160,Values_ES,0.00%
1605,160,Values_IT,0.00%
1989,160,Values_BRA,-3.11%
70,161,Values_ARG,-3.11%
454,161,Values_FR,-1.45%
838,161,Values_DE,-0.25%
1222,161,Values_ES,-1.12%
1606,161,Values_IT,0.77%
1990,161,Values_BRA,2.41%
71,164,Values_ARG,1.38%
455,164,Values_FR,-0.60%
839,164,Values_DE,0.81%
1223,164,Values_ES,0.99%
1607,164,Values_IT,-0.17%
1991,164,Values_BRA,-2.38%
72,165,Values_ARG,-0.86%
456,165,Values_FR,1.74%
840,165,Values_DE,0.57%
1224,165,Values_ES,2.07%
1608,165,Values_IT,-0.30%
1992,165,Values_BRA,0.10%
73,166,Values_ARG,-0.38%
457,166,Values_FR,-0.38%
841,166,Values_DE,-0.38%
1225,166,Values_ES,-0.20%
1609,166,Values_IT,0.22%
1993,166,Values_BRA,3.20%
74,167,Values_ARG,3.30%
458,167,Values_FR,3.30%
842,167,Values_DE,3.30%
1226,167,Values_ES,-0.75%
1610,167,Values_IT,-0.10%
1994,167,Values_BRA,-0.35%
75,168,Values_ARG,-0.12%
459,168,Values_FR,1.11%
843,168,Values_DE,1.11%
1227,168,Values_ES,1.11%
1611,168,Values_IT,-1.04%
1995,168,Values_BRA,-1.04%
77,171,Values_ARG,2.24%
461,171,Values_FR,2.24%
845,171,Values_DE,0.05%
1229,171,Values_ES,-2.06%
1613,171,Values_IT,0.00%
1997,171,Values_BRA,1.55%
78,172,Values_ARG,5.52%
462,172,Values_FR,5.52%
846,172,Values_DE,-1.22%
1230,172,Values_ES,0.05%
1614,172,Values_IT,0.00%
1998,172,Values_BRA,-0.07%
79,173,Values_ARG,-0.09%
463,173,Values_FR,-0.09%
847,173,Values_DE,-0.09%
1231,173,Values_ES,0.79%
1615,173,Values_IT,1.24%
1999,173,Values_BRA,0.00%
80,174,Values_ARG,0.13%
464,174,Values_FR,0.13%
848,174,Values_DE,0.13%
1232,174,Values_ES,-1.23%
1616,174,Values_IT,0.13%
2000,174,Values_BRA,0.00%
,,,
