MATCH_ID,SEASON,DATE_TIME,YEAR,HOME_TEAM,AWAY_TEAM,STADIUM,name,HOME_TEAM_SCORE,AWAY_TEAM_SCORE,Winner,PENALTY_SHOOT_OUT,ATTENDANCE,lat,lng,country,admin1,admin2,Result,HomeWin,total_games,home_wins,home_win_percentage
mt1,2021-2022,15-SEP-21 08.00.00.000000000 PM,2021,Manchester City,RB Leipzig,Etihad Stadium,Manchester,6,3,Home,0,38062,53.48095,-2.23743,GB,ENG,I2,Home win,True,45,31,68.88888888888889
mt2,2021-2022,15-SEP-21 08.00.00.000000000 PM,2021,Club Brugge KV,Paris Saint-Germain,Jan Breydel Stadion,Brugge,1,1,Draw,0,27546,51.20892,3.22424,BE,VLG,VWV,Home loss,False,15,1,6.666666666666667
mt4,2021-2022,28-SEP-21 08.00.00.000000000 PM,2021,RB Leipzig,Club Brugge KV,Red Bull Arena,Leipzig,1,2,Away,0,23500,51.33962,12.37129,DE,13,00,Home loss,False,23,11,47.82608695652174
mt5,2021-2022,19-OCT-21 05.45.00.000000000 PM,2021,Club Brugge KV,Manchester City,Jan Breydel Stadion,Brugge,1,5,Away,0,24915,51.20892,3.22424,BE,VLG,VWV,Home loss,False,15,1,6.666666666666667
mt7,2021-2022,03-NOV-21 08.00.00.000000000 PM,2021,RB Leipzig,Paris Saint-Germain,Red Bull Arena,Leipzig,2,2,Draw,0,39794,51.33962,12.37129,DE,13,00,Home loss,False,23,11,47.82608695652174
mt8,2021-2022,03-NOV-21 08.00.00.000000000 PM,2021,Manchester City,Club Brugge KV,Etihad Stadium,Manchester,4,1,Home,0,50228,53.48095,-2.23743,GB,ENG,I2,Home win,True,45,31,68.88888888888889
mt9,2021-2022,24-NOV-21 08.00.00.000000000 PM,2021,Manchester City,Paris Saint-Germain,Etihad Stadium,Manchester,2,1,Home,0,52030,53.48095,-2.23743,GB,ENG,I2,Home win,True,45,31,68.88888888888889
mt10,2021-2022,24-NOV-21 08.00.00.000000000 PM,2021,Club Brugge KV,RB Leipzig,Jan Breydel Stadion,Brugge,0,5,Away,0,24072,51.20892,3.22424,BE,VLG,VWV,Home loss,False,15,1,6.666666666666667
mt11,2021-2022,07-DEC-21 05.45.00.000000000 PM,2021,RB Leipzig,Manchester City,Red Bull Arena,Leipzig,2,1,Home,0,0,51.33962,12.37129,DE,13,00,Home win,True,23,11,47.82608695652174
mt13,2021-2022,15-SEP-21 08.00.00.000000000 PM,2021,Atlético Madrid,FC Porto,Wanda Metropolitano,Madrid,0,0,Draw,0,40098,40.4165,-3.70256,ES,29,M,Home loss,False,58,33,56.896551724137936
mt14,2021-2022,15-SEP-21 08.00.00.000000000 PM,2021,Liverpool FC,AC Milan,Anfield,Liverpool,3,2,Home,0,51445,53.41058,-2.97794,GB,ENG,H8,Home win,True,26,17,65.38461538461539
mt15,2021-2022,28-SEP-21 08.00.00.000000000 PM,2021,FC Porto,Liverpool FC,Estádio do Dragão,Porto,1,5,Away,0,23520,42.16737,-6.89934,ES,55,ZA,Home loss,False,42,24,57.14285714285714
mt15,2021-2022,28-SEP-21 08.00.00.000000000 PM,2021,FC Porto,Liverpool FC,Estádio do Dragão,Porto,1,5,Away,0,23520,41.14961,-8.61099,PT,17,1312,Home loss,False,42,24,57.14285714285714
mt17,2021-2022,19-OCT-21 08.00.00.000000000 PM,2021,Atlético Madrid,Liverpool FC,Wanda Metropolitano,Madrid,2,3,Away,0,60725,40.4165,-3.70256,ES,29,M,Home loss,False,58,33,56.896551724137936
mt18,2021-2022,19-OCT-21 08.00.00.000000000 PM,2021,FC Porto,AC Milan,Estádio do Dragão,Porto,1,0,Home,0,32130,42.16737,-6.89934,ES,55,ZA,Home win,True,42,24,57.14285714285714
mt18,2021-2022,19-OCT-21 08.00.00.000000000 PM,2021,FC Porto,AC Milan,Estádio do Dragão,Porto,1,0,Home,0,32130,41.14961,-8.61099,PT,17,1312,Home win,True,42,24,57.14285714285714
mt20,2021-2022,03-NOV-21 08.00.00.000000000 PM,2021,Liverpool FC,Atlético Madrid,Anfield,Liverpool,2,0,Home,0,51347,53.41058,-2.97794,GB,ENG,H8,Home win,True,26,17,65.38461538461539
mt21,2021-2022,24-NOV-21 08.00.00.000000000 PM,2021,Liverpool FC,FC Porto,Anfield,Liverpool,2,0,Home,0,52209,53.41058,-2.97794,GB,ENG,H8,Home win,True,26,17,65.38461538461539
mt22,2021-2022,24-NOV-21 08.00.00.000000000 PM,2021,Atlético Madrid,AC Milan,Wanda Metropolitano,Madrid,0,1,Away,0,61019,40.4165,-3.70256,ES,29,M,Home loss,False,58,33,56.896551724137936
mt23,2021-2022,07-DEC-21 08.00.00.000000000 PM,2021,FC Porto,Atlético Madrid,Estádio do Dragão,Porto,1,3,Away,0,38830,42.16737,-6.89934,ES,55,ZA,Home loss,False,42,24,57.14285714285714
mt23,2021-2022,07-DEC-21 08.00.00.000000000 PM,2021,FC Porto,Atlético Madrid,Estádio do Dragão,Porto,1,3,Away,0,38830,41.14961,-8.61099,PT,17,1312,Home loss,False,42,24,57.14285714285714
mt26,2021-2022,15-SEP-21 08.00.00.000000000 PM,2021,Sporting CP,AFC Ajax,Estádio José Alvalade,Lisbon,1,5,Away,0,20382,38.71667,-9.13333,PT,14,1106,Home loss,False,35,12,34.285714285714285
mt27,2021-2022,28-SEP-21 05.45.00.000000000 PM,2021,AFC Ajax,Beşiktaş,Johan Cruijff ArenA,Amsterdam,2,0,Home,0,52628,52.37403,4.88969,NL,07,0363,Home win,True,16,7,43.75
mt28,2021-2022,28-SEP-21 08.00.00.000000000 PM,2021,Borussia Dortmund,Sporting CP,Signal Iduna Park,Dortmund,1,0,Home,0,25000,51.51494,7.466,DE,07,059,Home win,True,24,12,50.0
mt30,2021-2022,19-OCT-21 08.00.00.000000000 PM,2021,AFC Ajax,Borussia Dortmund,Johan Cruijff ArenA,Amsterdam,4,0,Home,0,54029,52.37403,4.88969,NL,07,0363,Home win,True,16,7,43.75
mt31,2021-2022,03-NOV-21 08.00.00.000000000 PM,2021,Borussia Dortmund,AFC Ajax,Signal Iduna Park,Dortmund,1,3,Away,0,54820,51.51494,7.466,DE,07,059,Home loss,False,24,12,50.0
mt32,2021-2022,03-NOV-21 08.00.00.000000000 PM,2021,Sporting CP,Beşiktaş,Estádio José Alvalade,Lisbon,4,0,Home,0,40835,38.71667,-9.13333,PT,14,1106,Home win,True,35,12,34.285714285714285
mt34,2021-2022,24-NOV-21 08.00.00.000000000 PM,2021,Sporting CP,Borussia Dortmund,Estádio José Alvalade,Lisbon,3,1,Home,0,41341,38.71667,-9.13333,PT,14,1106,Home win,True,35,12,34.285714285714285
mt35,2021-2022,07-DEC-21 08.00.00.000000000 PM,2021,AFC Ajax,Sporting CP,Johan Cruijff ArenA,Amsterdam,4,2,Home,0,0,52.37403,4.88969,NL,07,0363,Home win,True,16,7,43.75
mt36,2021-2022,07-DEC-21 08.00.00.000000000 PM,2021,Borussia Dortmund,Beşiktaş,Signal Iduna Park,Dortmund,5,0,Home,0,15000,51.51494,7.466,DE,07,059,Home win,True,24,12,50.0
mt39,2021-2022,28-SEP-21 05.45.00.000000000 PM,2021,Shakhtar Donetsk,Inter,Olimpiyskyi,Kyiv,0,0,Draw,0,26170,50.45466,30.5238,UA,12,,Home loss,False,17,4,23.52941176470588
mt40,2021-2022,28-SEP-21 08.00.00.000000000 PM,2021,Real Madrid,FC Sheriff,Santiago Bernabéu,Madrid,1,2,Away,0,24522,40.4165,-3.70256,ES,29,M,Home loss,False,58,33,56.896551724137936
mt41,2021-2022,19-OCT-21 08.00.00.000000000 PM,2021,Shakhtar Donetsk,Real Madrid,Olimpiyskyi,Kyiv,0,5,Away,0,34037,50.45466,30.5238,UA,12,,Home loss,False,17,4,23.52941176470588
mt43,2021-2022,03-NOV-21 05.45.00.000000000 PM,2021,Real Madrid,Shakhtar Donetsk,Santiago Bernabéu,Madrid,2,1,Home,0,38105,40.4165,-3.70256,ES,29,M,Home win,True,58,33,56.896551724137936
mt47,2021-2022,07-DEC-21 08.00.00.000000000 PM,2021,Real Madrid,Inter,Santiago Bernabéu,Madrid,2,0,Home,0,46887,40.4165,-3.70256,ES,29,M,Home win,True,58,33,56.896551724137936
mt48,2021-2022,07-DEC-21 08.00.00.000000000 PM,2021,Shakhtar Donetsk,FC Sheriff,Olimpiyskyi,Kyiv,1,1,Draw,0,6841,50.45466,30.5238,UA,12,,Home loss,False,17,4,23.52941176470588
mt49,2021-2022,14-SEP-21 08.00.00.000000000 PM,2021,FC Barcelona,Bayern München,Spotify Camp Nou,Barcelona,0,3,Away,0,39737,41.38879,2.15899,ES,56,B,Home loss,False,27,20,74.07407407407408
mt50,2021-2022,14-SEP-21 08.00.00.000000000 PM,2021,Dinamo Kyiv,SL Benfica,Olimpiyskyi,Kyiv,0,0,Draw,0,21657,50.45466,30.5238,UA,12,,Home loss,False,17,4,23.52941176470588
mt51,2021-2022,29-SEP-21 08.00.00.000000000 PM,2021,SL Benfica,FC Barcelona,Estádio da Luz,Lisbon,3,0,Home,0,29454,38.71667,-9.13333,PT,14,1106,Home win,True,35,12,34.285714285714285
mt52,2021-2022,29-SEP-21 08.00.00.000000000 PM,2021,Bayern München,Dinamo Kyiv,Allianz Arena,Munich,5,0,Home,0,25000,48.13743,11.57549,DE,02,091,Home win,True,29,22,75.86206896551724
mt53,2021-2022,20-OCT-21 05.45.00.000000000 PM,2021,FC Barcelona,Dinamo Kyiv,Spotify Camp Nou,Barcelona,1,0,Home,0,45968,41.38879,2.15899,ES,56,B,Home win,True,27,20,74.07407407407408
mt54,2021-2022,20-OCT-21 08.00.00.000000000 PM,2021,SL Benfica,Bayern München,Estádio da Luz,Lisbon,0,4,Away,0,50000,38.71667,-9.13333,PT,14,1106,Home loss,False,35,12,34.285714285714285
mt55,2021-2022,02-NOV-21 08.00.00.000000000 PM,2021,Bayern München,SL Benfica,Allianz Arena,Munich,5,2,Home,0,50000,48.13743,11.57549,DE,02,091,Home win,True,29,22,75.86206896551724
mt56,2021-2022,02-NOV-21 08.00.00.000000000 PM,2021,Dinamo Kyiv,FC Barcelona,Olimpiyskyi,Kyiv,0,1,Away,0,31378,50.45466,30.5238,UA,12,,Home loss,False,17,4,23.52941176470588
mt57,2021-2022,23-NOV-21 05.45.00.000000000 PM,2021,Dinamo Kyiv,Bayern München,Olimpiyskyi,Kyiv,1,2,Away,0,28732,50.45466,30.5238,UA,12,,Home loss,False,17,4,23.52941176470588
mt58,2021-2022,23-NOV-21 08.00.00.000000000 PM,2021,FC Barcelona,SL Benfica,Spotify Camp Nou,Barcelona,0,0,Draw,0,49572,41.38879,2.15899,ES,56,B,Home loss,False,27,20,74.07407407407408
mt59,2021-2022,08-DEC-21 08.00.00.000000000 PM,2021,Bayern München,FC Barcelona,Allianz Arena,Munich,3,0,Home,0,0,48.13743,11.57549,DE,02,091,Home win,True,29,22,75.86206896551724
mt60,2021-2022,08-DEC-21 08.00.00.000000000 PM,2021,SL Benfica,Dinamo Kyiv,Estádio da Luz,Lisbon,2,0,Home,0,37000,38.71667,-9.13333,PT,14,1106,Home win,True,35,12,34.285714285714285
mt61,2021-2022,14-SEP-21 05.45.00.000000000 PM,2021,BSC Young Boys,Manchester United,Stadion Wankdorf,Bern,2,1,Home,0,31120,46.94809,7.44744,CH,BE,246,Home win,True,6,2,33.33333333333333
mt64,2021-2022,29-SEP-21 08.00.00.000000000 PM,2021,Manchester United,Villarreal CF,Old Trafford,Manchester,2,1,Home,0,73130,53.48095,-2.23743,GB,ENG,I2,Home win,True,45,31,68.88888888888889
mt65,2021-2022,20-OCT-21 08.00.00.000000000 PM,2021,Manchester United,Atalanta,Old Trafford,Manchester,3,2,Home,0,72279,53.48095,-2.23743,GB,ENG,I2,Home win,True,45,31,68.88888888888889
mt66,2021-2022,20-OCT-21 08.00.00.000000000 PM,2021,BSC Young Boys,Villarreal CF,Stadion Wankdorf,Bern,1,4,Away,0,27398,46.94809,7.44744,CH,BE,246,Home loss,False,6,2,33.33333333333333
mt70,2021-2022,23-NOV-21 08.00.00.000000000 PM,2021,BSC Young Boys,Atalanta,Stadion Wankdorf,Bern,3,3,Draw,0,31120,46.94809,7.44744,CH,BE,246,Home loss,False,6,2,33.33333333333333
mt71,2021-2022,08-DEC-21 08.00.00.000000000 PM,2021,Manchester United,BSC Young Boys,Old Trafford,Manchester,1,1,Draw,0,73156,53.48095,-2.23743,GB,ENG,I2,Home loss,False,45,31,68.88888888888889
mt73,2021-2022,14-SEP-21 05.45.00.000000000 PM,2021,Sevilla FC,RB Salzburg,Ramón Sánchez Pizjuán,Sevilla,1,1,Draw,0,18373,37.38283,-5.97317,ES,51,SE,Home loss,False,18,8,44.44444444444444
mt75,2021-2022,29-SEP-21 08.00.00.000000000 PM,2021,RB Salzburg,Lille OSC,Red Bull Arena,Leipzig,2,1,Home,0,24207,51.33962,12.37129,DE,13,00,Home win,True,23,11,47.82608695652174
mt76,2021-2022,29-SEP-21 08.00.00.000000000 PM,2021,VfL Wolfsburg,Sevilla FC,Volkswagen Arena,Wolfsburg,1,1,Draw,0,11733,52.42452,10.7815,DE,06,00,Home loss,False,3,1,33.33333333333333
mt77,2021-2022,20-OCT-21 05.45.00.000000000 PM,2021,RB Salzburg,VfL Wolfsburg,Red Bull Arena,Leipzig,3,1,Home,0,27500,51.33962,12.37129,DE,13,00,Home win,True,23,11,47.82608695652174
mt79,2021-2022,02-NOV-21 05.45.00.000000000 PM,2021,VfL Wolfsburg,RB Salzburg,Volkswagen Arena,Wolfsburg,2,1,Home,0,16112,52.42452,10.7815,DE,06,00,Home win,True,3,1,33.33333333333333
mt80,2021-2022,02-NOV-21 08.00.00.000000000 PM,2021,Sevilla FC,Lille OSC,Ramón Sánchez Pizjuán,Sevilla,1,2,Away,0,29369,37.38283,-5.97317,ES,51,SE,Home loss,False,18,8,44.44444444444444
mt82,2021-2022,23-NOV-21 08.00.00.000000000 PM,2021,Sevilla FC,VfL Wolfsburg,Ramón Sánchez Pizjuán,Sevilla,2,0,Home,0,28663,37.38283,-5.97317,ES,51,SE,Home win,True,18,8,44.44444444444444
mt83,2021-2022,08-DEC-21 08.00.00.000000000 PM,2021,RB Salzburg,Sevilla FC,Red Bull Arena,Leipzig,1,0,Home,0,0,51.33962,12.37129,DE,13,00,Home win,True,23,11,47.82608695652174
mt84,2021-2022,08-DEC-21 08.00.00.000000000 PM,2021,VfL Wolfsburg,Lille OSC,Volkswagen Arena,Wolfsburg,1,3,Away,0,6544,52.42452,10.7815,DE,06,00,Home loss,False,3,1,33.33333333333333
mt85,2021-2022,14-SEP-21 08.00.00.000000000 PM,2021,Chelsea FC,Zenit St. Petersburg,Stamford Bridge,London,1,0,Home,0,39252,51.50853,-0.12574,GB,ENG,GLA,Home win,True,39,21,53.84615384615385
mt86,2021-2022,14-SEP-21 08.00.00.000000000 PM,2021,Malmö FF,Juventus,Nya Malmö Stadion,Malmö,0,3,Away,0,5832,55.60587,13.00073,SE,27,1280,Home loss,False,3,0,0.0
mt90,2021-2022,20-OCT-21 08.00.00.000000000 PM,2021,Chelsea FC,Malmö FF,Stamford Bridge,London,4,0,Home,0,39095,51.50853,-0.12574,GB,ENG,GLA,Home win,True,39,21,53.84615384615385
mt91,2021-2022,02-NOV-21 05.45.00.000000000 PM,2021,Malmö FF,Chelsea FC,Nya Malmö Stadion,Malmö,0,1,Away,0,19551,55.60587,13.00073,SE,27,1280,Home loss,False,3,0,0.0
mt93,2021-2022,23-NOV-21 08.00.00.000000000 PM,2021,Chelsea FC,Juventus,Stamford Bridge,London,4,0,Home,0,39513,51.50853,-0.12574,GB,ENG,GLA,Home win,True,39,21,53.84615384615385
mt94,2021-2022,23-NOV-21 08.00.00.000000000 PM,2021,Malmö FF,Zenit St. Petersburg,Nya Malmö Stadion,Malmö,1,1,Draw,0,19551,55.60587,13.00073,SE,27,1280,Home loss,False,3,0,0.0
mt97,2021-2022,15-FEB-22 08.00.00.000000000 PM,2022,Sporting CP,Manchester City,Estádio José Alvalade,Lisbon,0,5,Away,0,48129,38.71667,-9.13333,PT,14,1106,Home loss,False,35,12,34.285714285714285
mt99,2021-2022,16-FEB-22 08.00.00.000000000 PM,2022,RB Salzburg,Bayern München,Red Bull Arena,Leipzig,1,1,Draw,0,29520,51.33962,12.37129,DE,13,00,Home loss,False,23,11,47.82608695652174
mt101,2021-2022,22-FEB-22 08.00.00.000000000 PM,2022,Chelsea FC,Lille OSC,Stamford Bridge,London,2,0,Home,0,38832,51.50853,-0.12574,GB,ENG,GLA,Home win,True,39,21,53.84615384615385
mt103,2021-2022,23-FEB-22 08.00.00.000000000 PM,2022,SL Benfica,AFC Ajax,Estádio da Luz,Lisbon,2,2,Draw,0,54760,38.71667,-9.13333,PT,14,1106,Home loss,False,35,12,34.285714285714285
mt104,2021-2022,23-FEB-22 08.00.00.000000000 PM,2022,Atlético Madrid,Manchester United,Wanda Metropolitano,Madrid,1,1,Draw,0,63273,40.4165,-3.70256,ES,29,M,Home loss,False,58,33,56.896551724137936
mt105,2021-2022,08-MAR-22 08.00.00.000000000 PM,2022,Bayern München,RB Salzburg,Allianz Arena,Munich,7,1,Home,0,25000,48.13743,11.57549,DE,02,091,Home win,True,29,22,75.86206896551724
mt106,2021-2022,08-MAR-22 08.00.00.000000000 PM,2022,Liverpool FC,Inter,Anfield,Liverpool,0,1,Away,0,51747,53.41058,-2.97794,GB,ENG,H8,Home loss,False,26,17,65.38461538461539
mt107,2021-2022,09-MAR-22 08.00.00.000000000 PM,2022,Manchester City,Sporting CP,Etihad Stadium,Manchester,0,0,Draw,0,51213,53.48095,-2.23743,GB,ENG,I2,Home loss,False,45,31,68.88888888888889
mt108,2021-2022,09-MAR-22 08.00.00.000000000 PM,2022,Real Madrid,Paris Saint-Germain,Santiago Bernabéu,Madrid,3,1,Home,0,59895,40.4165,-3.70256,ES,29,M,Home win,True,58,33,56.896551724137936
mt109,2021-2022,15-MAR-22 08.00.00.000000000 PM,2022,AFC Ajax,SL Benfica,Johan Cruijff ArenA,Amsterdam,0,1,Away,0,54066,52.37403,4.88969,NL,07,0363,Home loss,False,16,7,43.75
mt110,2021-2022,15-MAR-22 08.00.00.000000000 PM,2022,Manchester United,Atlético Madrid,Old Trafford,Manchester,0,1,Away,0,73008,53.48095,-2.23743,GB,ENG,I2,Home loss,False,45,31,68.88888888888889
mt113,2021-2022,05-APR-22 08.00.00.000000000 PM,2022,Manchester City,Atlético Madrid,Etihad Stadium,Manchester,1,0,Home,0,52018,53.48095,-2.23743,GB,ENG,I2,Home win,True,45,31,68.88888888888889
mt114,2021-2022,05-APR-22 08.00.00.000000000 PM,2022,SL Benfica,Liverpool FC,Estádio da Luz,Lisbon,1,3,Away,0,59633,38.71667,-9.13333,PT,14,1106,Home loss,False,35,12,34.285714285714285
mt115,2021-2022,06-APR-22 08.00.00.000000000 PM,2022,Chelsea FC,Real Madrid,Stamford Bridge,London,1,3,Away,0,38689,51.50853,-0.12574,GB,ENG,GLA,Home loss,False,39,21,53.84615384615385
mt117,2021-2022,12-APR-22 08.00.00.000000000 PM,2022,Real Madrid,Chelsea FC,Santiago Bernabéu,Madrid,2,3,Away,0,59839,40.4165,-3.70256,ES,29,M,Home loss,False,58,33,56.896551724137936
mt118,2021-2022,12-APR-22 08.00.00.000000000 PM,2022,Bayern München,Villarreal CF,Allianz Arena,Munich,1,1,Draw,0,70000,48.13743,11.57549,DE,02,091,Home loss,False,29,22,75.86206896551724
mt119,2021-2022,13-APR-22 08.00.00.000000000 PM,2022,Atlético Madrid,Manchester City,Wanda Metropolitano,Madrid,0,0,Draw,0,65675,40.4165,-3.70256,ES,29,M,Home loss,False,58,33,56.896551724137936
mt120,2021-2022,13-APR-22 08.00.00.000000000 PM,2022,Liverpool FC,SL Benfica,Anfield,Liverpool,3,3,Draw,0,51373,53.41058,-2.97794,GB,ENG,H8,Home loss,False,26,17,65.38461538461539
mt121,2021-2022,26-APR-22 08.00.00.000000000 PM,2022,Manchester City,Real Madrid,Etihad Stadium,Manchester,4,3,Home,0,55097,53.48095,-2.23743,GB,ENG,I2,Home win,True,45,31,68.88888888888889
mt122,2021-2022,27-APR-22 08.00.00.000000000 PM,2022,Liverpool FC,Villarreal CF,Anfield,Liverpool,2,0,Home,0,51586,53.41058,-2.97794,GB,ENG,H8,Home win,True,26,17,65.38461538461539
mt124,2021-2022,04-MAY-22 08.00.00.000000000 PM,2022,Real Madrid,Manchester City,Santiago Bernabéu,Madrid,3,1,Home,0,61416,40.4165,-3.70256,ES,29,M,Home win,True,58,33,56.896551724137936
mt126,2020-2021,21-OCT-20 05.55.00.000000000 PM,2020,RB Salzburg,Lokomotiv Moskva,Red Bull Arena,Leipzig,2,2,Draw,0,3000,51.33962,12.37129,DE,13,00,Home loss,False,23,11,47.82608695652174
mt127,2020-2021,21-OCT-20 08.00.00.000000000 PM,2020,Bayern München,Atlético Madrid,Allianz Arena,Munich,4,0,Home,0,0,48.13743,11.57549,DE,02,091,Home win,True,29,22,75.86206896551724
mt129,2020-2021,27-OCT-20 08.00.00.000000000 PM,2020,Atlético Madrid,RB Salzburg,Wanda Metropolitano,Madrid,3,2,Home,0,0,40.4165,-3.70256,ES,29,M,Home win,True,58,33,56.896551724137936
mt131,2020-2021,03-NOV-20 08.00.00.000000000 PM,2020,RB Salzburg,Bayern München,Red Bull Arena,Leipzig,2,6,Away,0,0,51.33962,12.37129,DE,13,00,Home loss,False,23,11,47.82608695652174
mt132,2020-2021,25-NOV-20 08.00.00.000000000 PM,2020,Atlético Madrid,Lokomotiv Moskva,Wanda Metropolitano,Madrid,0,0,Draw,0,0,40.4165,-3.70256,ES,29,M,Home loss,False,58,33,56.896551724137936
mt133,2020-2021,25-NOV-20 08.00.00.000000000 PM,2020,Bayern München,RB Salzburg,Allianz Arena,Munich,3,1,Home,0,0,48.13743,11.57549,DE,02,091,Home win,True,29,22,75.86206896551724
mt135,2020-2021,01-DEC-20 08.00.00.000000000 PM,2020,Atlético Madrid,Bayern München,Wanda Metropolitano,Madrid,1,1,Draw,0,0,40.4165,-3.70256,ES,29,M,Home loss,False,58,33,56.896551724137936
mt136,2020-2021,09-DEC-20 08.00.00.000000000 PM,2020,Bayern München,Lokomotiv Moskva,Allianz Arena,Munich,2,0,Home,0,0,48.13743,11.57549,DE,02,091,Home win,True,29,22,75.86206896551724
mt137,2020-2021,09-DEC-20 08.00.00.000000000 PM,2020,RB Salzburg,Atlético Madrid,Red Bull Arena,Leipzig,0,2,Away,0,0,51.33962,12.37129,DE,13,00,Home loss,False,23,11,47.82608695652174
mt138,2020-2021,21-OCT-20 05.55.00.000000000 PM,2020,Real Madrid,Shakhtar Donetsk,Alfredo Di Stéfano,Madrid,2,3,Away,0,0,40.4165,-3.70256,ES,29,M,Home loss,False,58,33,56.896551724137936
mt140,2020-2021,27-OCT-20 05.55.00.000000000 PM,2020,Shakhtar Donetsk,Inter,Olimpiyskyi,Kyiv,0,0,Draw,0,10178,50.45466,30.5238,UA,12,,Home loss,False,17,4,23.52941176470588
mt141,2020-2021,27-OCT-20 08.00.00.000000000 PM,2020,Bor. Mönchengladbach,Real Madrid,Borussia-Park,Mönchengladbach,2,2,Draw,0,0,51.18539,6.44172,DE,07,051,Home loss,False,6,1,16.666666666666664
mt142,2020-2021,03-NOV-20 05.55.00.000000000 PM,2020,Shakhtar Donetsk,Bor. Mönchengladbach,Olimpiyskyi,Kyiv,0,6,Away,0,0,50.45466,30.5238,UA,12,,Home loss,False,17,4,23.52941176470588
mt143,2020-2021,03-NOV-20 08.00.00.000000000 PM,2020,Real Madrid,Inter,Alfredo Di Stéfano,Madrid,3,2,Home,0,0,40.4165,-3.70256,ES,29,M,Home win,True,58,33,56.896551724137936
mt144,2020-2021,25-NOV-20 05.55.00.000000000 PM,2020,Bor. Mönchengladbach,Shakhtar Donetsk,Borussia-Park,Mönchengladbach,4,0,Home,0,0,51.18539,6.44172,DE,07,051,Home win,True,6,1,16.666666666666664
mt146,2020-2021,01-DEC-20 05.55.00.000000000 PM,2020,Shakhtar Donetsk,Real Madrid,Olimpiyskyi,Kyiv,2,0,Home,0,0,50.45466,30.5238,UA,12,,Home win,True,17,4,23.52941176470588
mt147,2020-2021,01-DEC-20 08.00.00.000000000 PM,2020,Bor. Mönchengladbach,Inter,Borussia-Park,Mönchengladbach,2,3,Away,0,0,51.18539,6.44172,DE,07,051,Home loss,False,6,1,16.666666666666664
mt149,2020-2021,09-DEC-20 08.00.00.000000000 PM,2020,Real Madrid,Bor. Mönchengladbach,Alfredo Di Stéfano,Madrid,2,0,Home,0,0,40.4165,-3.70256,ES,29,M,Home win,True,58,33,56.896551724137936
mt150,2020-2021,21-OCT-20 08.00.00.000000000 PM,2020,Manchester City,FC Porto,Etihad Stadium,Manchester,3,1,Home,0,0,53.48095,-2.23743,GB,ENG,I2,Home win,True,45,31,68.88888888888889
mt152,2020-2021,27-OCT-20 08.00.00.000000000 PM,2020,FC Porto,Olympiakos Piraeus,Estádio do Dragão,Porto,2,0,Home,0,2450,42.16737,-6.89934,ES,55,ZA,Home win,True,42,24,57.14285714285714
mt152,2020-2021,27-OCT-20 08.00.00.000000000 PM,2020,FC Porto,Olympiakos Piraeus,Estádio do Dragão,Porto,2,0,Home,0,2450,41.14961,-8.61099,PT,17,1312,Home win,True,42,24,57.14285714285714
mt154,2020-2021,03-NOV-20 08.00.00.000000000 PM,2020,FC Porto,Olympique Marseille,Estádio do Dragão,Porto,3,0,Home,0,0,42.16737,-6.89934,ES,55,ZA,Home win,True,42,24,57.14285714285714
mt154,2020-2021,03-NOV-20 08.00.00.000000000 PM,2020,FC Porto,Olympique Marseille,Estádio do Dragão,Porto,3,0,Home,0,0,41.14961,-8.61099,PT,17,1312,Home win,True,42,24,57.14285714285714
mt155,2020-2021,03-NOV-20 08.00.00.000000000 PM,2020,Manchester City,Olympiakos Piraeus,Etihad Stadium,Manchester,3,0,Home,0,0,53.48095,-2.23743,GB,ENG,I2,Home win,True,45,31,68.88888888888889
mt158,2020-2021,01-DEC-20 08.00.00.000000000 PM,2020,FC Porto,Manchester City,Estádio do Dragão,Porto,0,0,Draw,0,0,42.16737,-6.89934,ES,55,ZA,Home loss,False,42,24,57.14285714285714
mt158,2020-2021,01-DEC-20 08.00.00.000000000 PM,2020,FC Porto,Manchester City,Estádio do Dragão,Porto,0,0,Draw,0,0,41.14961,-8.61099,PT,17,1312,Home loss,False,42,24,57.14285714285714
mt160,2020-2021,09-DEC-20 08.00.00.000000000 PM,2020,Manchester City,Olympique Marseille,Etihad Stadium,Manchester,3,0,Home,0,1,53.48095,-2.23743,GB,ENG,I2,Home win,True,45,31,68.88888888888889
mt162,2020-2021,21-OCT-20 08.00.00.000000000 PM,2020,AFC Ajax,Liverpool FC,Johan Cruijff ArenA,Amsterdam,0,1,Away,0,0,52.37403,4.88969,NL,07,0363,Home loss,False,16,7,43.75
mt163,2020-2021,21-OCT-20 08.00.00.000000000 PM,2020,FC Midtjylland,Atalanta,MCH Arena,Herning,0,4,Away,0,132,56.13615,8.97662,DK,18,657,Home loss,False,3,0,0.0
mt165,2020-2021,27-OCT-20 08.00.00.000000000 PM,2020,Liverpool FC,FC Midtjylland,Anfield,Liverpool,2,0,Home,0,0,53.41058,-2.97794,GB,ENG,H8,Home win,True,26,17,65.38461538461539
mt167,2020-2021,03-NOV-20 08.00.00.000000000 PM,2020,FC Midtjylland,AFC Ajax,MCH Arena,Herning,1,2,Away,0,132,56.13615,8.97662,DK,18,657,Home loss,False,3,0,0.0
mt168,2020-2021,25-NOV-20 08.00.00.000000000 PM,2020,AFC Ajax,FC Midtjylland,Johan Cruijff ArenA,Amsterdam,3,1,Home,0,0,52.37403,4.88969,NL,07,0363,Home win,True,16,7,43.75
mt169,2020-2021,25-NOV-20 08.00.00.000000000 PM,2020,Liverpool FC,Atalanta,Anfield,Liverpool,0,2,Away,0,0,53.41058,-2.97794,GB,ENG,H8,Home loss,False,26,17,65.38461538461539
mt171,2020-2021,01-DEC-20 08.00.00.000000000 PM,2020,Liverpool FC,AFC Ajax,Anfield,Liverpool,1,0,Home,0,0,53.41058,-2.97794,GB,ENG,H8,Home win,True,26,17,65.38461538461539
mt172,2020-2021,09-DEC-20 05.55.00.000000000 PM,2020,AFC Ajax,Atalanta,Johan Cruijff ArenA,Amsterdam,0,1,Away,0,0,52.37403,4.88969,NL,07,0363,Home loss,False,16,7,43.75
mt173,2020-2021,09-DEC-20 05.55.00.000000000 PM,2020,FC Midtjylland,Liverpool FC,MCH Arena,Herning,1,1,Draw,0,0,56.13615,8.97662,DK,18,657,Home loss,False,3,0,0.0
mt174,2020-2021,20-OCT-20 08.00.00.000000000 PM,2020,Chelsea FC,Sevilla FC,Stamford Bridge,London,0,0,Draw,0,0,51.50853,-0.12574,GB,ENG,GLA,Home loss,False,39,21,53.84615384615385
mt177,2020-2021,28-OCT-20 08.00.00.000000000 PM,2020,Sevilla FC,Stade Rennes,Ramón Sánchez Pizjuán,Sevilla,1,0,Home,0,0,37.38283,-5.97317,ES,51,SE,Home win,True,18,8,44.44444444444444
mt178,2020-2021,04-NOV-20 08.00.00.000000000 PM,2020,Chelsea FC,Stade Rennes,Stamford Bridge,London,3,0,Home,0,0,51.50853,-0.12574,GB,ENG,GLA,Home win,True,39,21,53.84615384615385
mt179,2020-2021,04-NOV-20 08.00.00.000000000 PM,2020,Sevilla FC,FK Krasnodar,Ramón Sánchez Pizjuán,Sevilla,3,2,Home,0,1,37.38283,-5.97317,ES,51,SE,Home win,True,18,8,44.44444444444444
mt183,2020-2021,02-DEC-20 08.00.00.000000000 PM,2020,Sevilla FC,Chelsea FC,Ramón Sánchez Pizjuán,Sevilla,0,4,Away,0,0,37.38283,-5.97317,ES,51,SE,Home loss,False,18,8,44.44444444444444
mt184,2020-2021,08-DEC-20 08.00.00.000000000 PM,2020,Chelsea FC,FK Krasnodar,Stamford Bridge,London,1,1,Draw,0,2000,51.50853,-0.12574,GB,ENG,GLA,Home loss,False,39,21,53.84615384615385
mt188,2020-2021,28-OCT-20 08.00.00.000000000 PM,2020,Borussia Dortmund,Zenit St. Petersburg,Signal Iduna Park,Dortmund,2,0,Home,0,0,51.51494,7.466,DE,07,059,Home win,True,24,12,50.0
mt189,2020-2021,28-OCT-20 08.00.00.000000000 PM,2020,Club Brugge KV,Lazio Roma,Jan Breydel Stadion,Brugge,1,1,Draw,0,0,51.20892,3.22424,BE,VLG,VWV,Home loss,False,15,1,6.666666666666667
mt191,2020-2021,04-NOV-20 08.00.00.000000000 PM,2020,Club Brugge KV,Borussia Dortmund,Jan Breydel Stadion,Brugge,0,3,Away,0,0,51.20892,3.22424,BE,VLG,VWV,Home loss,False,15,1,6.666666666666667
mt192,2020-2021,24-NOV-20 08.00.00.000000000 PM,2020,Borussia Dortmund,Club Brugge KV,Signal Iduna Park,Dortmund,3,0,Home,0,0,51.51494,7.466,DE,07,059,Home win,True,24,12,50.0
mt194,2020-2021,02-DEC-20 08.00.00.000000000 PM,2020,Borussia Dortmund,Lazio Roma,Signal Iduna Park,Dortmund,1,1,Draw,0,0,51.51494,7.466,DE,07,059,Home loss,False,24,12,50.0
mt195,2020-2021,02-DEC-20 08.00.00.000000000 PM,2020,Club Brugge KV,Zenit St. Petersburg,Jan Breydel Stadion,Brugge,3,0,Home,0,0,51.20892,3.22424,BE,VLG,VWV,Home win,True,15,1,6.666666666666667
mt198,2020-2021,20-OCT-20 05.55.00.000000000 PM,2020,Dinamo Kyiv,Juventus,Olimpiyskyi,Kyiv,0,2,Away,0,14850,50.45466,30.5238,UA,12,,Home loss,False,17,4,23.52941176470588
mt199,2020-2021,20-OCT-20 08.00.00.000000000 PM,2020,FC Barcelona,Ferencvárosi TC,Spotify Camp Nou,Barcelona,5,1,Home,0,0,41.38879,2.15899,ES,56,B,Home win,True,27,20,74.07407407407408
mt202,2020-2021,04-NOV-20 08.00.00.000000000 PM,2020,FC Barcelona,Dinamo Kyiv,Spotify Camp Nou,Barcelona,2,1,Home,0,0,41.38879,2.15899,ES,56,B,Home win,True,27,20,74.07407407407408
mt204,2020-2021,24-NOV-20 08.00.00.000000000 PM,2020,Dinamo Kyiv,FC Barcelona,Olimpiyskyi,Kyiv,0,4,Away,0,0,50.45466,30.5238,UA,12,,Home loss,False,17,4,23.52941176470588
mt208,2020-2021,08-DEC-20 08.00.00.000000000 PM,2020,Dinamo Kyiv,Ferencvárosi TC,Olimpiyskyi,Kyiv,1,0,Home,0,0,50.45466,30.5238,UA,12,,Home win,True,17,4,23.52941176470588
mt209,2020-2021,08-DEC-20 08.00.00.000000000 PM,2020,FC Barcelona,Juventus,Spotify Camp Nou,Barcelona,0,3,Away,0,0,41.38879,2.15899,ES,56,B,Home loss,False,27,20,74.07407407407408
mt210,2020-2021,20-OCT-20 08.00.00.000000000 PM,2020,RB Leipzig,İstanbul Başakşehir,Red Bull Arena,Leipzig,2,0,Home,0,999,51.33962,12.37129,DE,13,00,Home win,True,23,11,47.82608695652174
mt213,2020-2021,28-OCT-20 08.00.00.000000000 PM,2020,Manchester United,RB Leipzig,Old Trafford,Manchester,5,0,Home,0,577,53.48095,-2.23743,GB,ENG,I2,Home win,True,45,31,68.88888888888889
mt215,2020-2021,04-NOV-20 08.00.00.000000000 PM,2020,RB Leipzig,Paris Saint-Germain,Red Bull Arena,Leipzig,2,1,Home,0,0,51.33962,12.37129,DE,13,00,Home win,True,23,11,47.82608695652174
mt216,2020-2021,24-NOV-20 08.00.00.000000000 PM,2020,Manchester United,İstanbul Başakşehir,Old Trafford,Manchester,4,1,Home,0,545,53.48095,-2.23743,GB,ENG,I2,Home win,True,45,31,68.88888888888889
mt219,2020-2021,02-DEC-20 08.00.00.000000000 PM,2020,Manchester United,Paris Saint-Germain,Old Trafford,Manchester,1,3,Away,0,638,53.48095,-2.23743,GB,ENG,I2,Home loss,False,45,31,68.88888888888889
mt220,2020-2021,08-DEC-20 08.00.00.000000000 PM,2020,RB Leipzig,Manchester United,Red Bull Arena,Leipzig,3,2,Home,0,0,51.33962,12.37129,DE,13,00,Home win,True,23,11,47.82608695652174
mt223,2020-2021,16-FEB-21 08.00.00.000000000 PM,2021,FC Barcelona,Paris Saint-Germain,Spotify Camp Nou,Barcelona,1,4,Away,0,0,41.38879,2.15899,ES,56,B,Home loss,False,27,20,74.07407407407408
mt224,2020-2021,17-FEB-21 08.00.00.000000000 PM,2021,FC Porto,Juventus,Estádio do Dragão,Porto,2,1,Home,0,0,42.16737,-6.89934,ES,55,ZA,Home win,True,42,24,57.14285714285714
mt224,2020-2021,17-FEB-21 08.00.00.000000000 PM,2021,FC Porto,Juventus,Estádio do Dragão,Porto,2,1,Home,0,0,41.14961,-8.61099,PT,17,1312,Home win,True,42,24,57.14285714285714
mt225,2020-2021,17-FEB-21 08.00.00.000000000 PM,2021,Sevilla FC,Borussia Dortmund,Ramón Sánchez Pizjuán,Sevilla,2,3,Away,0,0,37.38283,-5.97317,ES,51,SE,Home loss,False,18,8,44.44444444444444
mt231,2020-2021,09-MAR-21 08.00.00.000000000 PM,2021,Borussia Dortmund,Sevilla FC,Signal Iduna Park,Dortmund,2,2,Draw,0,0,51.51494,7.466,DE,07,059,Home loss,False,24,12,50.0
mt235,2020-2021,16-MAR-21 08.00.00.000000000 PM,2021,Real Madrid,Atalanta,Alfredo Di Stéfano,Madrid,3,1,Home,0,0,40.4165,-3.70256,ES,29,M,Home win,True,58,33,56.896551724137936
mt236,2020-2021,17-MAR-21 08.00.00.000000000 PM,2021,Bayern München,Lazio Roma,Allianz Arena,Munich,2,1,Home,0,0,48.13743,11.57549,DE,02,091,Home win,True,29,22,75.86206896551724
mt237,2020-2021,17-MAR-21 08.00.00.000000000 PM,2021,Chelsea FC,Atlético Madrid,Stamford Bridge,London,2,0,Home,0,0,51.50853,-0.12574,GB,ENG,GLA,Home win,True,39,21,53.84615384615385
mt238,2020-2021,06-APR-21 08.00.00.000000000 PM,2021,Manchester City,Borussia Dortmund,Etihad Stadium,Manchester,2,1,Home,0,0,53.48095,-2.23743,GB,ENG,I2,Home win,True,45,31,68.88888888888889
mt239,2020-2021,06-APR-21 08.00.00.000000000 PM,2021,Real Madrid,Liverpool FC,Alfredo Di Stéfano,Madrid,3,1,Home,0,0,40.4165,-3.70256,ES,29,M,Home win,True,58,33,56.896551724137936
mt240,2020-2021,07-APR-21 08.00.00.000000000 PM,2021,FC Porto,Chelsea FC,Ramón Sánchez Pizjuán,Sevilla,0,2,Away,0,0,37.38283,-5.97317,ES,51,SE,Home loss,False,18,8,44.44444444444444
mt241,2020-2021,07-APR-21 08.00.00.000000000 PM,2021,Bayern München,Paris Saint-Germain,Allianz Arena,Munich,2,3,Away,0,0,48.13743,11.57549,DE,02,091,Home loss,False,29,22,75.86206896551724
mt242,2020-2021,13-APR-21 08.00.00.000000000 PM,2021,Chelsea FC,FC Porto,Ramón Sánchez Pizjuán,Sevilla,0,1,Away,0,0,37.38283,-5.97317,ES,51,SE,Home loss,False,18,8,44.44444444444444
mt244,2020-2021,14-APR-21 08.00.00.000000000 PM,2021,Borussia Dortmund,Manchester City,Signal Iduna Park,Dortmund,1,2,Away,0,0,51.51494,7.466,DE,07,059,Home loss,False,24,12,50.0
mt245,2020-2021,14-APR-21 08.00.00.000000000 PM,2021,Liverpool FC,Real Madrid,Anfield,Liverpool,0,0,Draw,0,0,53.41058,-2.97794,GB,ENG,H8,Home loss,False,26,17,65.38461538461539
mt246,2020-2021,27-APR-21 08.00.00.000000000 PM,2021,Real Madrid,Chelsea FC,Alfredo Di Stéfano,Madrid,1,1,Draw,0,0,40.4165,-3.70256,ES,29,M,Home loss,False,58,33,56.896551724137936
mt248,2020-2021,04-MAY-21 08.00.00.000000000 PM,2021,Manchester City,Paris Saint-Germain,Etihad Stadium,Manchester,2,0,Home,0,0,53.48095,-2.23743,GB,ENG,I2,Home win,True,45,31,68.88888888888889
mt249,2020-2021,05-MAY-21 08.00.00.000000000 PM,2021,Chelsea FC,Real Madrid,Stamford Bridge,London,2,0,Home,0,0,51.50853,-0.12574,GB,ENG,GLA,Home win,True,39,21,53.84615384615385
mt250,2020-2021,29-MAY-21 08.00.00.000000000 PM,2021,Manchester City,Chelsea FC,Estádio do Dragão,Porto,0,1,Away,0,14110,42.16737,-6.89934,ES,55,ZA,Home loss,False,42,24,57.14285714285714
mt250,2020-2021,29-MAY-21 08.00.00.000000000 PM,2021,Manchester City,Chelsea FC,Estádio do Dragão,Porto,0,1,Away,0,14110,41.14961,-8.61099,PT,17,1312,Home loss,False,42,24,57.14285714285714
mt251,2019-2020,18-SEP-19 05.55.00.000000000 PM,2019,Club Brugge KV,Galatasaray,Jan Breydel Stadion,Brugge,0,0,Draw,0,26616,51.20892,3.22424,BE,VLG,VWV,Home loss,False,15,1,6.666666666666667
mt253,2019-2020,01-OCT-19 05.55.00.000000000 PM,2019,Real Madrid,Club Brugge KV,Santiago Bernabéu,Madrid,2,2,Draw,0,65112,40.4165,-3.70256,ES,29,M,Home loss,False,58,33,56.896551724137936
mt255,2019-2020,22-OCT-19 08.00.00.000000000 PM,2019,Club Brugge KV,Paris Saint-Germain,Jan Breydel Stadion,Brugge,0,5,Away,0,26946,51.20892,3.22424,BE,VLG,VWV,Home loss,False,15,1,6.666666666666667
mt258,2019-2020,06-NOV-19 08.00.00.000000000 PM,2019,Real Madrid,Galatasaray,Santiago Bernabéu,Madrid,6,0,Home,0,65492,40.4165,-3.70256,ES,29,M,Home win,True,58,33,56.896551724137936
mt260,2019-2020,26-NOV-19 08.00.00.000000000 PM,2019,Real Madrid,Paris Saint-Germain,Santiago Bernabéu,Madrid,2,2,Draw,0,75534,40.4165,-3.70256,ES,29,M,Home loss,False,58,33,56.896551724137936
mt262,2019-2020,11-DEC-19 08.00.00.000000000 PM,2019,Club Brugge KV,Real Madrid,Jan Breydel Stadion,Brugge,1,3,Away,0,27308,51.20892,3.22424,BE,VLG,VWV,Home loss,False,15,1,6.666666666666667
mt264,2019-2020,18-SEP-19 08.00.00.000000000 PM,2019,Bayern München,Crvena Zvezda,Allianz Arena,Munich,3,0,Home,0,70000,48.13743,11.57549,DE,02,091,Home win,True,29,22,75.86206896551724
mt265,2019-2020,01-OCT-19 08.00.00.000000000 PM,2019,Tottenham Hotspur,Bayern München,Tottenham Hotspur Stadium,London,2,7,Away,0,60127,51.50853,-0.12574,GB,ENG,GLA,Home loss,False,39,21,53.84615384615385
mt267,2019-2020,22-OCT-19 08.00.00.000000000 PM,2019,Tottenham Hotspur,Crvena Zvezda,Tottenham Hotspur Stadium,London,5,0,Home,0,51743,51.50853,-0.12574,GB,ENG,GLA,Home win,True,39,21,53.84615384615385
mt269,2019-2020,06-NOV-19 05.55.00.000000000 PM,2019,Bayern München,Olympiakos Piraeus,Allianz Arena,Munich,2,0,Home,0,63646,48.13743,11.57549,DE,02,091,Home win,True,29,22,75.86206896551724
mt271,2019-2020,26-NOV-19 08.00.00.000000000 PM,2019,Tottenham Hotspur,Olympiakos Piraeus,Tottenham Hotspur Stadium,London,4,2,Home,0,57024,51.50853,-0.12574,GB,ENG,GLA,Home win,True,39,21,53.84615384615385
mt273,2019-2020,11-DEC-19 08.00.00.000000000 PM,2019,Bayern München,Tottenham Hotspur,Allianz Arena,Munich,3,1,Home,0,66353,48.13743,11.57549,DE,02,091,Home win,True,29,22,75.86206896551724
mt275,2019-2020,18-SEP-19 08.00.00.000000000 PM,2019,Shakhtar Donetsk,Manchester City,Metalist Stadion,Kharkiv,0,3,Away,0,36675,49.98081,36.25272,UA,07,6312,Home loss,False,9,4,44.44444444444444
mt276,2019-2020,18-SEP-19 08.00.00.000000000 PM,2019,Dinamo Zagreb,Atalanta,Maksimir,Zagreb,4,0,Home,0,28863,45.81444,15.97798,HR,21,,Home win,True,6,1,16.666666666666664
mt278,2019-2020,01-OCT-19 08.00.00.000000000 PM,2019,Manchester City,Dinamo Zagreb,Etihad Stadium,Manchester,2,0,Home,0,49046,53.48095,-2.23743,GB,ENG,I2,Home win,True,45,31,68.88888888888889
mt279,2019-2020,22-OCT-19 05.55.00.000000000 PM,2019,Shakhtar Donetsk,Dinamo Zagreb,Metalist Stadion,Kharkiv,2,2,Draw,0,21526,49.98081,36.25272,UA,07,6312,Home loss,False,9,4,44.44444444444444
mt280,2019-2020,22-OCT-19 08.00.00.000000000 PM,2019,Manchester City,Atalanta,Etihad Stadium,Manchester,5,1,Home,0,49308,53.48095,-2.23743,GB,ENG,I2,Home win,True,45,31,68.88888888888889
mt281,2019-2020,06-NOV-19 08.00.00.000000000 PM,2019,Dinamo Zagreb,Shakhtar Donetsk,Maksimir,Zagreb,3,3,Draw,0,28316,45.81444,15.97798,HR,21,,Home loss,False,6,1,16.666666666666664
mt283,2019-2020,26-NOV-19 08.00.00.000000000 PM,2019,Manchester City,Shakhtar Donetsk,Etihad Stadium,Manchester,1,1,Draw,0,52020,53.48095,-2.23743,GB,ENG,I2,Home loss,False,45,31,68.88888888888889
mt285,2019-2020,11-DEC-19 05.55.00.000000000 PM,2019,Shakhtar Donetsk,Atalanta,Metalist Stadion,Kharkiv,0,3,Away,0,26536,49.98081,36.25272,UA,07,6312,Home loss,False,9,4,44.44444444444444
mt286,2019-2020,11-DEC-19 05.55.00.000000000 PM,2019,Dinamo Zagreb,Manchester City,Maksimir,Zagreb,1,4,Away,0,29385,45.81444,15.97798,HR,21,,Home loss,False,6,1,16.666666666666664
mt287,2019-2020,18-SEP-19 08.00.00.000000000 PM,2019,Atlético Madrid,Juventus,Wanda Metropolitano,Madrid,2,2,Draw,0,66283,40.4165,-3.70256,ES,29,M,Home loss,False,58,33,56.896551724137936
mt288,2019-2020,18-SEP-19 08.00.00.000000000 PM,2019,Bayer Leverkusen,Lokomotiv Moskva,BayArena,Leverkusen,1,2,Away,0,26592,51.0303,6.98432,DE,07,053,Home loss,False,7,2,28.57142857142857
mt291,2019-2020,22-OCT-19 05.55.00.000000000 PM,2019,Atlético Madrid,Bayer Leverkusen,Wanda Metropolitano,Madrid,1,0,Home,0,56776,40.4165,-3.70256,ES,29,M,Home win,True,58,33,56.896551724137936
mt294,2019-2020,06-NOV-19 08.00.00.000000000 PM,2019,Bayer Leverkusen,Atlético Madrid,BayArena,Leverkusen,2,1,Home,0,28160,51.0303,6.98432,DE,07,053,Home win,True,7,2,28.57142857142857
mt297,2019-2020,11-DEC-19 08.00.00.000000000 PM,2019,Atlético Madrid,Lokomotiv Moskva,Wanda Metropolitano,Madrid,2,0,Home,0,58426,40.4165,-3.70256,ES,29,M,Home win,True,58,33,56.896551724137936
mt298,2019-2020,11-DEC-19 08.00.00.000000000 PM,2019,Bayer Leverkusen,Juventus,BayArena,Leverkusen,0,2,Away,0,29542,51.0303,6.98432,DE,07,053,Home loss,False,7,2,28.57142857142857
mt300,2019-2020,17-SEP-19 08.00.00.000000000 PM,2019,RB Salzburg,KRC Genk,Red Bull Arena,Leipzig,6,2,Home,0,29520,51.33962,12.37129,DE,13,00,Home win,True,23,11,47.82608695652174
mt301,2019-2020,02-OCT-19 05.55.00.000000000 PM,2019,KRC Genk,SSC Napoli,Cegeka Arena,Genk,0,0,Draw,0,19962,50.965,5.50082,BE,VLG,VLI,Home loss,False,3,0,0.0
mt302,2019-2020,02-OCT-19 08.00.00.000000000 PM,2019,Liverpool FC,RB Salzburg,Anfield,Liverpool,4,3,Home,0,52234,53.41058,-2.97794,GB,ENG,H8,Home win,True,26,17,65.38461538461539
mt303,2019-2020,23-OCT-19 08.00.00.000000000 PM,2019,RB Salzburg,SSC Napoli,Red Bull Arena,Leipzig,2,3,Away,0,29520,51.33962,12.37129,DE,13,00,Home loss,False,23,11,47.82608695652174
mt304,2019-2020,23-OCT-19 08.00.00.000000000 PM,2019,KRC Genk,Liverpool FC,Cegeka Arena,Genk,1,4,Away,0,19626,50.965,5.50082,BE,VLG,VLI,Home loss,False,3,0,0.0
mt305,2019-2020,05-NOV-19 08.00.00.000000000 PM,2019,Liverpool FC,KRC Genk,Anfield,Liverpool,2,1,Home,0,52611,53.41058,-2.97794,GB,ENG,H8,Home win,True,26,17,65.38461538461539
mt307,2019-2020,27-NOV-19 08.00.00.000000000 PM,2019,Liverpool FC,SSC Napoli,Anfield,Liverpool,1,1,Draw,0,52128,53.41058,-2.97794,GB,ENG,H8,Home loss,False,26,17,65.38461538461539
mt308,2019-2020,27-NOV-19 08.00.00.000000000 PM,2019,KRC Genk,RB Salzburg,Cegeka Arena,Genk,1,4,Away,0,17284,50.965,5.50082,BE,VLG,VLI,Home loss,False,3,0,0.0
mt310,2019-2020,10-DEC-19 05.55.00.000000000 PM,2019,RB Salzburg,Liverpool FC,Red Bull Arena,Leipzig,0,2,Away,0,29520,51.33962,12.37129,DE,13,00,Home loss,False,23,11,47.82608695652174
mt312,2019-2020,17-SEP-19 08.00.00.000000000 PM,2019,Borussia Dortmund,FC Barcelona,Signal Iduna Park,Dortmund,0,0,Draw,0,66099,51.51494,7.466,DE,07,059,Home loss,False,24,12,50.0
mt314,2019-2020,02-OCT-19 08.00.00.000000000 PM,2019,FC Barcelona,Inter,Spotify Camp Nou,Barcelona,2,1,Home,0,86141,41.38879,2.15899,ES,56,B,Home win,True,27,20,74.07407407407408
mt317,2019-2020,05-NOV-19 05.55.00.000000000 PM,2019,FC Barcelona,Slavia Praha,Spotify Camp Nou,Barcelona,0,0,Draw,0,67023,41.38879,2.15899,ES,56,B,Home loss,False,27,20,74.07407407407408
mt318,2019-2020,05-NOV-19 08.00.00.000000000 PM,2019,Borussia Dortmund,Inter,Signal Iduna Park,Dortmund,3,2,Home,0,66099,51.51494,7.466,DE,07,059,Home win,True,24,12,50.0
mt319,2019-2020,27-NOV-19 08.00.00.000000000 PM,2019,FC Barcelona,Borussia Dortmund,Spotify Camp Nou,Barcelona,3,1,Home,0,90071,41.38879,2.15899,ES,56,B,Home win,True,27,20,74.07407407407408
mt321,2019-2020,10-DEC-19 08.00.00.000000000 PM,2019,Borussia Dortmund,Slavia Praha,Signal Iduna Park,Dortmund,2,1,Home,0,65079,51.51494,7.466,DE,07,059,Home win,True,24,12,50.0
mt324,2019-2020,17-SEP-19 08.00.00.000000000 PM,2019,SL Benfica,RB Leipzig,Estádio da Luz,Lisbon,1,2,Away,0,46460,38.71667,-9.13333,PT,14,1106,Home loss,False,35,12,34.285714285714285
mt326,2019-2020,02-OCT-19 08.00.00.000000000 PM,2019,RB Leipzig,Olympique Lyon,Red Bull Arena,Leipzig,0,2,Away,0,40194,51.33962,12.37129,DE,13,00,Home loss,False,23,11,47.82608695652174
mt327,2019-2020,23-OCT-19 05.55.00.000000000 PM,2019,RB Leipzig,Zenit St. Petersburg,Red Bull Arena,Leipzig,2,1,Home,0,41058,51.33962,12.37129,DE,13,00,Home win,True,23,11,47.82608695652174
mt328,2019-2020,23-OCT-19 08.00.00.000000000 PM,2019,SL Benfica,Olympique Lyon,Estádio da Luz,Lisbon,2,1,Home,0,53035,38.71667,-9.13333,PT,14,1106,Home win,True,35,12,34.285714285714285
mt332,2019-2020,27-NOV-19 08.00.00.000000000 PM,2019,RB Leipzig,SL Benfica,Red Bull Arena,Leipzig,2,2,Draw,0,38339,51.33962,12.37129,DE,13,00,Home loss,False,23,11,47.82608695652174
mt333,2019-2020,10-DEC-19 08.00.00.000000000 PM,2019,SL Benfica,Zenit St. Petersburg,Estádio da Luz,Lisbon,3,0,Home,0,40232,38.71667,-9.13333,PT,14,1106,Home win,True,35,12,34.285714285714285
mt335,2019-2020,17-SEP-19 08.00.00.000000000 PM,2019,Chelsea FC,Valencia CF,Stamford Bridge,London,0,1,Away,0,39469,51.50853,-0.12574,GB,ENG,GLA,Home loss,False,39,21,53.84615384615385
mt336,2019-2020,17-SEP-19 08.00.00.000000000 PM,2019,AFC Ajax,Lille OSC,Johan Cruijff ArenA,Amsterdam,3,0,Home,0,51441,52.37403,4.88969,NL,07,0363,Home win,True,16,7,43.75
mt337,2019-2020,02-OCT-19 08.00.00.000000000 PM,2019,Valencia CF,AFC Ajax,Estadio de Mestalla,Valencia,0,3,Away,0,44659,39.47391,-0.37966,ES,60,V,Home loss,False,7,3,42.857142857142854
mt339,2019-2020,23-OCT-19 05.55.00.000000000 PM,2019,AFC Ajax,Chelsea FC,Johan Cruijff ArenA,Amsterdam,0,1,Away,0,52482,52.37403,4.88969,NL,07,0363,Home loss,False,16,7,43.75
mt341,2019-2020,05-NOV-19 08.00.00.000000000 PM,2019,Chelsea FC,AFC Ajax,Stamford Bridge,London,4,4,Draw,0,39132,51.50853,-0.12574,GB,ENG,GLA,Home loss,False,39,21,53.84615384615385
mt342,2019-2020,05-NOV-19 08.00.00.000000000 PM,2019,Valencia CF,Lille OSC,Estadio de Mestalla,Valencia,4,1,Home,0,38252,39.47391,-0.37966,ES,60,V,Home win,True,7,3,42.857142857142854
mt343,2019-2020,27-NOV-19 05.55.00.000000000 PM,2019,Valencia CF,Chelsea FC,Estadio de Mestalla,Valencia,2,2,Draw,0,43486,39.47391,-0.37966,ES,60,V,Home loss,False,7,3,42.857142857142854
mt345,2019-2020,10-DEC-19 08.00.00.000000000 PM,2019,Chelsea FC,Lille OSC,Stamford Bridge,London,2,1,Home,0,40016,51.50853,-0.12574,GB,ENG,GLA,Home win,True,39,21,53.84615384615385
mt346,2019-2020,10-DEC-19 08.00.00.000000000 PM,2019,AFC Ajax,Valencia CF,Johan Cruijff ArenA,Amsterdam,0,1,Away,0,51931,52.37403,4.88969,NL,07,0363,Home loss,False,16,7,43.75
mt347,2019-2020,18-FEB-20 08.00.00.000000000 PM,2020,Borussia Dortmund,Paris Saint-Germain,Signal Iduna Park,Dortmund,2,1,Home,0,66099,51.51494,7.466,DE,07,059,Home win,True,24,12,50.0
mt348,2019-2020,18-FEB-20 08.00.00.000000000 PM,2020,Atlético Madrid,Liverpool FC,Wanda Metropolitano,Madrid,1,0,Home,0,67443,40.4165,-3.70256,ES,29,M,Home win,True,58,33,56.896551724137936
mt350,2019-2020,19-FEB-20 08.00.00.000000000 PM,2020,Tottenham Hotspur,RB Leipzig,Tottenham Hotspur Stadium,London,0,1,Away,0,60095,51.50853,-0.12574,GB,ENG,GLA,Home loss,False,39,21,53.84615384615385
mt351,2019-2020,25-FEB-20 08.00.00.000000000 PM,2020,Chelsea FC,Bayern München,Stamford Bridge,London,0,3,Away,0,36761,51.50853,-0.12574,GB,ENG,GLA,Home loss,False,39,21,53.84615384615385
mt353,2019-2020,26-FEB-20 08.00.00.000000000 PM,2020,Real Madrid,Manchester City,Santiago Bernabéu,Madrid,1,2,Away,0,75615,40.4165,-3.70256,ES,29,M,Home loss,False,58,33,56.896551724137936
mt355,2019-2020,10-MAR-20 08.00.00.000000000 PM,2020,Valencia CF,Atalanta,Estadio de Mestalla,Valencia,3,4,Away,0,0,39.47391,-0.37966,ES,60,V,Home loss,False,7,3,42.857142857142854
mt356,2019-2020,10-MAR-20 08.00.00.000000000 PM,2020,RB Leipzig,Tottenham Hotspur,Red Bull Arena,Leipzig,3,0,Home,0,42146,51.33962,12.37129,DE,13,00,Home win,True,23,11,47.82608695652174
mt358,2019-2020,11-MAR-20 08.00.00.000000000 PM,2020,Liverpool FC,Atlético Madrid,Anfield,Liverpool,2,3,Away,0,45000,53.41058,-2.97794,GB,ENG,H8,Home loss,False,26,17,65.38461538461539
mt359,2019-2020,07-AUG-20 08.00.00.000000000 PM,2020,Manchester City,Real Madrid,Etihad Stadium,Manchester,2,1,Home,0,0,53.48095,-2.23743,GB,ENG,I2,Home win,True,45,31,68.88888888888889
mt361,2019-2020,08-AUG-20 08.00.00.000000000 PM,2020,Bayern München,Chelsea FC,Allianz Arena,Munich,4,1,Home,0,0,48.13743,11.57549,DE,02,091,Home win,True,29,22,75.86206896551724
mt362,2019-2020,08-AUG-20 08.00.00.000000000 PM,2020,FC Barcelona,SSC Napoli,Spotify Camp Nou,Barcelona,3,1,Home,0,0,41.38879,2.15899,ES,56,B,Home win,True,27,20,74.07407407407408
mt363,2019-2020,12-AUG-20 08.00.00.000000000 PM,2020,Atalanta,Paris Saint-Germain,Estádio da Luz,Lisbon,1,2,Away,0,0,38.71667,-9.13333,PT,14,1106,Home loss,False,35,12,34.285714285714285
mt364,2019-2020,13-AUG-20 08.00.00.000000000 PM,2020,RB Leipzig,Atlético Madrid,Estádio José Alvalade,Lisbon,2,1,Home,0,0,38.71667,-9.13333,PT,14,1106,Home win,True,35,12,34.285714285714285
mt365,2019-2020,14-AUG-20 08.00.00.000000000 PM,2020,FC Barcelona,Bayern München,Estádio da Luz,Lisbon,2,8,Away,0,0,38.71667,-9.13333,PT,14,1106,Home loss,False,35,12,34.285714285714285
mt366,2019-2020,15-AUG-20 08.00.00.000000000 PM,2020,Manchester City,Olympique Lyon,Estádio José Alvalade,Lisbon,1,3,Away,0,0,38.71667,-9.13333,PT,14,1106,Home loss,False,35,12,34.285714285714285
mt367,2019-2020,18-AUG-20 08.00.00.000000000 PM,2020,RB Leipzig,Paris Saint-Germain,Estádio da Luz,Lisbon,0,3,Away,0,0,38.71667,-9.13333,PT,14,1106,Home loss,False,35,12,34.285714285714285
mt368,2019-2020,19-AUG-20 08.00.00.000000000 PM,2020,Olympique Lyon,Bayern München,Estádio José Alvalade,Lisbon,0,3,Away,0,0,38.71667,-9.13333,PT,14,1106,Home loss,False,35,12,34.285714285714285
mt369,2019-2020,23-AUG-20 08.00.00.000000000 PM,2020,Paris Saint-Germain,Bayern München,Estádio da Luz,Lisbon,0,1,Away,0,0,38.71667,-9.13333,PT,14,1106,Home loss,False,35,12,34.285714285714285
mt371,2018-2019,18-SEP-18 08.00.00.000000000 PM,2018,Club Brugge KV,Borussia Dortmund,Jan Breydel Stadion,Brugge,0,1,Away,0,25181,51.20892,3.22424,BE,VLG,VWV,Home loss,False,15,1,6.666666666666667
mt372,2018-2019,03-OCT-18 08.00.00.000000000 PM,2018,Borussia Dortmund,AS Monaco,Signal Iduna Park,Dortmund,3,0,Home,0,66099,51.51494,7.466,DE,07,059,Home win,True,24,12,50.0
mt373,2018-2019,03-OCT-18 08.00.00.000000000 PM,2018,Atlético Madrid,Club Brugge KV,Wanda Metropolitano,Madrid,3,1,Home,0,55742,40.4165,-3.70256,ES,29,M,Home win,True,58,33,56.896551724137936
mt374,2018-2019,24-OCT-18 05.55.00.000000000 PM,2018,Club Brugge KV,AS Monaco,Jan Breydel Stadion,Brugge,1,1,Draw,0,23957,51.20892,3.22424,BE,VLG,VWV,Home loss,False,15,1,6.666666666666667
mt375,2018-2019,24-OCT-18 08.00.00.000000000 PM,2018,Borussia Dortmund,Atlético Madrid,Signal Iduna Park,Dortmund,4,0,Home,0,66099,51.51494,7.466,DE,07,059,Home win,True,24,12,50.0
mt377,2018-2019,06-NOV-18 08.00.00.000000000 PM,2018,Atlético Madrid,Borussia Dortmund,Wanda Metropolitano,Madrid,2,0,Home,0,61023,40.4165,-3.70256,ES,29,M,Home win,True,58,33,56.896551724137936
mt378,2018-2019,28-NOV-18 05.55.00.000000000 PM,2018,Atlético Madrid,AS Monaco,Wanda Metropolitano,Madrid,2,0,Home,0,56314,40.4165,-3.70256,ES,29,M,Home win,True,58,33,56.896551724137936
mt379,2018-2019,28-NOV-18 08.00.00.000000000 PM,2018,Borussia Dortmund,Club Brugge KV,Signal Iduna Park,Dortmund,0,0,Draw,0,66099,51.51494,7.466,DE,07,059,Home loss,False,24,12,50.0
mt381,2018-2019,11-DEC-18 08.00.00.000000000 PM,2018,Club Brugge KV,Atlético Madrid,Jan Breydel Stadion,Brugge,0,0,Draw,0,25645,51.20892,3.22424,BE,VLG,VWV,Home loss,False,15,1,6.666666666666667
mt382,2018-2019,18-SEP-18 05.55.00.000000000 PM,2018,FC Barcelona,PSV Eindhoven,Spotify Camp Nou,Barcelona,4,0,Home,0,73462,41.38879,2.15899,ES,56,B,Home win,True,27,20,74.07407407407408
mt384,2018-2019,03-OCT-18 08.00.00.000000000 PM,2018,Tottenham Hotspur,FC Barcelona,Wembley Stadium,London,2,4,Away,0,82137,51.50853,-0.12574,GB,ENG,GLA,Home loss,False,39,21,53.84615384615385
mt385,2018-2019,03-OCT-18 08.00.00.000000000 PM,2018,PSV Eindhoven,Inter,Philips Stadion,Eindhoven,1,2,Away,0,34750,51.44083,5.47778,NL,06,0772,Home loss,False,6,0,0.0
mt386,2018-2019,24-OCT-18 05.55.00.000000000 PM,2018,PSV Eindhoven,Tottenham Hotspur,Philips Stadion,Eindhoven,2,2,Draw,0,35000,51.44083,5.47778,NL,06,0772,Home loss,False,6,0,0.0
mt387,2018-2019,24-OCT-18 08.00.00.000000000 PM,2018,FC Barcelona,Inter,Spotify Camp Nou,Barcelona,2,0,Home,0,86290,41.38879,2.15899,ES,56,B,Home win,True,27,20,74.07407407407408
mt388,2018-2019,06-NOV-18 08.00.00.000000000 PM,2018,Tottenham Hotspur,PSV Eindhoven,Wembley Stadium,London,2,1,Home,0,46588,51.50853,-0.12574,GB,ENG,GLA,Home win,True,39,21,53.84615384615385
mt390,2018-2019,28-NOV-18 08.00.00.000000000 PM,2018,PSV Eindhoven,FC Barcelona,Philips Stadion,Eindhoven,1,2,Away,0,34600,51.44083,5.47778,NL,06,0772,Home loss,False,6,0,0.0
mt391,2018-2019,28-NOV-18 08.00.00.000000000 PM,2018,Tottenham Hotspur,Inter,Wembley Stadium,London,1,0,Home,0,57132,51.50853,-0.12574,GB,ENG,GLA,Home win,True,39,21,53.84615384615385
mt392,2018-2019,11-DEC-18 08.00.00.000000000 PM,2018,FC Barcelona,Tottenham Hotspur,Spotify Camp Nou,Barcelona,1,1,Draw,0,69961,41.38879,2.15899,ES,56,B,Home loss,False,27,20,74.07407407407408
mt394,2018-2019,18-SEP-18 08.00.00.000000000 PM,2018,Liverpool FC,Paris Saint-Germain,Anfield,Liverpool,3,2,Home,0,52478,53.41058,-2.97794,GB,ENG,H8,Home win,True,26,17,65.38461538461539
mt399,2018-2019,24-OCT-18 08.00.00.000000000 PM,2018,Liverpool FC,Crvena Zvezda,Anfield,Liverpool,4,0,Home,0,53024,53.41058,-2.97794,GB,ENG,H8,Home win,True,26,17,65.38461538461539
mt404,2018-2019,11-DEC-18 08.00.00.000000000 PM,2018,Liverpool FC,SSC Napoli,Anfield,Liverpool,1,0,Home,0,52015,53.41058,-2.97794,GB,ENG,H8,Home win,True,26,17,65.38461538461539
mt406,2018-2019,18-SEP-18 08.00.00.000000000 PM,2018,FC Schalke 04,FC Porto,Veltins-Arena,Gelsenkirchen,1,1,Draw,0,45755,51.50508,7.09654,DE,07,055,Home loss,False,4,2,50.0
mt409,2018-2019,03-OCT-18 08.00.00.000000000 PM,2018,FC Porto,Galatasaray,Estádio do Dragão,Porto,1,0,Home,0,42711,42.16737,-6.89934,ES,55,ZA,Home win,True,42,24,57.14285714285714
mt409,2018-2019,03-OCT-18 08.00.00.000000000 PM,2018,FC Porto,Galatasaray,Estádio do Dragão,Porto,1,0,Home,0,42711,41.14961,-8.61099,PT,17,1312,Home win,True,42,24,57.14285714285714
mt412,2018-2019,06-NOV-18 08.00.00.000000000 PM,2018,FC Porto,Lokomotiv Moskva,Estádio do Dragão,Porto,4,1,Home,0,34616,42.16737,-6.89934,ES,55,ZA,Home win,True,42,24,57.14285714285714
mt412,2018-2019,06-NOV-18 08.00.00.000000000 PM,2018,FC Porto,Lokomotiv Moskva,Estádio do Dragão,Porto,4,1,Home,0,34616,41.14961,-8.61099,PT,17,1312,Home win,True,42,24,57.14285714285714
mt413,2018-2019,06-NOV-18 08.00.00.000000000 PM,2018,FC Schalke 04,Galatasaray,Veltins-Arena,Gelsenkirchen,2,0,Home,0,54740,51.50508,7.09654,DE,07,055,Home win,True,4,2,50.0
mt415,2018-2019,28-NOV-18 08.00.00.000000000 PM,2018,FC Porto,FC Schalke 04,Estádio do Dragão,Porto,3,1,Home,0,41603,42.16737,-6.89934,ES,55,ZA,Home win,True,42,24,57.14285714285714
mt415,2018-2019,28-NOV-18 08.00.00.000000000 PM,2018,FC Porto,FC Schalke 04,Estádio do Dragão,Porto,3,1,Home,0,41603,41.14961,-8.61099,PT,17,1312,Home win,True,42,24,57.14285714285714
mt416,2018-2019,11-DEC-18 05.55.00.000000000 PM,2018,FC Schalke 04,Lokomotiv Moskva,Veltins-Arena,Gelsenkirchen,1,0,Home,0,48883,51.50508,7.09654,DE,07,055,Home win,True,4,2,50.0
mt418,2018-2019,19-SEP-18 05.55.00.000000000 PM,2018,AFC Ajax,AEK Athen,Johan Cruijff ArenA,Amsterdam,3,0,Home,0,52285,52.37403,4.88969,NL,07,0363,Home win,True,16,7,43.75
mt419,2018-2019,19-SEP-18 08.00.00.000000000 PM,2018,SL Benfica,Bayern München,Estádio da Luz,Lisbon,0,2,Away,0,60274,38.71667,-9.13333,PT,14,1106,Home loss,False,35,12,34.285714285714285
mt420,2018-2019,02-OCT-18 08.00.00.000000000 PM,2018,Bayern München,AFC Ajax,Allianz Arena,Munich,1,1,Draw,0,70000,48.13743,11.57549,DE,02,091,Home loss,False,29,22,75.86206896551724
mt423,2018-2019,23-OCT-18 08.00.00.000000000 PM,2018,AFC Ajax,SL Benfica,Johan Cruijff ArenA,Amsterdam,1,0,Home,0,52489,52.37403,4.88969,NL,07,0363,Home win,True,16,7,43.75
mt424,2018-2019,07-NOV-18 08.00.00.000000000 PM,2018,SL Benfica,AFC Ajax,Estádio da Luz,Lisbon,1,1,Draw,0,51328,38.71667,-9.13333,PT,14,1106,Home loss,False,35,12,34.285714285714285
mt425,2018-2019,07-NOV-18 08.00.00.000000000 PM,2018,Bayern München,AEK Athen,Allianz Arena,Munich,2,0,Home,0,70000,48.13743,11.57549,DE,02,091,Home win,True,29,22,75.86206896551724
mt427,2018-2019,27-NOV-18 08.00.00.000000000 PM,2018,Bayern München,SL Benfica,Allianz Arena,Munich,5,1,Home,0,70000,48.13743,11.57549,DE,02,091,Home win,True,29,22,75.86206896551724
mt428,2018-2019,12-DEC-18 08.00.00.000000000 PM,2018,AFC Ajax,Bayern München,Johan Cruijff ArenA,Amsterdam,3,3,Draw,0,52244,52.37403,4.88969,NL,07,0363,Home loss,False,16,7,43.75
mt429,2018-2019,12-DEC-18 08.00.00.000000000 PM,2018,SL Benfica,AEK Athen,Estádio da Luz,Lisbon,1,0,Home,0,33633,38.71667,-9.13333,PT,14,1106,Home win,True,35,12,34.285714285714285
mt430,2018-2019,19-SEP-18 05.55.00.000000000 PM,2018,Shakhtar Donetsk,1899 Hoffenheim,Metalist Stadion,Kharkiv,2,2,Draw,0,28336,49.98081,36.25272,UA,07,6312,Home loss,False,9,4,44.44444444444444
mt431,2018-2019,19-SEP-18 08.00.00.000000000 PM,2018,Manchester City,Olympique Lyon,Etihad Stadium,Manchester,1,2,Away,0,40111,53.48095,-2.23743,GB,ENG,I2,Home loss,False,45,31,68.88888888888889
mt432,2018-2019,02-OCT-18 05.55.00.000000000 PM,2018,1899 Hoffenheim,Manchester City,PreZero Arena,Sinsheim,1,2,Away,0,24851,49.2529,8.87867,DE,01,082,Home loss,False,3,0,0.0
mt434,2018-2019,23-OCT-18 08.00.00.000000000 PM,2018,Shakhtar Donetsk,Manchester City,Metalist Stadion,Kharkiv,0,3,Away,0,37106,49.98081,36.25272,UA,07,6312,Home loss,False,9,4,44.44444444444444
mt435,2018-2019,23-OCT-18 08.00.00.000000000 PM,2018,1899 Hoffenheim,Olympique Lyon,PreZero Arena,Sinsheim,3,3,Draw,0,24144,49.2529,8.87867,DE,01,082,Home loss,False,3,0,0.0
mt436,2018-2019,07-NOV-18 08.00.00.000000000 PM,2018,Manchester City,Shakhtar Donetsk,Etihad Stadium,Manchester,6,0,Home,0,52286,53.48095,-2.23743,GB,ENG,I2,Home win,True,45,31,68.88888888888889
mt439,2018-2019,27-NOV-18 08.00.00.000000000 PM,2018,1899 Hoffenheim,Shakhtar Donetsk,PreZero Arena,Sinsheim,2,3,Away,0,22920,49.2529,8.87867,DE,01,082,Home loss,False,3,0,0.0
mt440,2018-2019,12-DEC-18 08.00.00.000000000 PM,2018,Shakhtar Donetsk,Olympique Lyon,Olimpiyskyi,Kyiv,1,1,Draw,0,38916,50.45466,30.5238,UA,12,,Home loss,False,17,4,23.52941176470588
mt441,2018-2019,12-DEC-18 08.00.00.000000000 PM,2018,Manchester City,1899 Hoffenheim,Etihad Stadium,Manchester,2,1,Home,0,50411,53.48095,-2.23743,GB,ENG,I2,Home win,True,45,31,68.88888888888889
mt442,2018-2019,19-SEP-18 08.00.00.000000000 PM,2018,Real Madrid,AS Roma,Santiago Bernabéu,Madrid,3,0,Home,0,69251,40.4165,-3.70256,ES,29,M,Home win,True,58,33,56.896551724137936
mt447,2018-2019,23-OCT-18 08.00.00.000000000 PM,2018,Real Madrid,Viktoria Plzeň,Santiago Bernabéu,Madrid,2,1,Home,0,67356,40.4165,-3.70256,ES,29,M,Home win,True,58,33,56.896551724137936
mt452,2018-2019,12-DEC-18 05.55.00.000000000 PM,2018,Real Madrid,CSKA Moskva,Santiago Bernabéu,Madrid,0,3,Away,0,51636,40.4165,-3.70256,ES,29,M,Home loss,False,58,33,56.896551724137936
mt454,2018-2019,19-SEP-18 08.00.00.000000000 PM,2018,Valencia CF,Juventus,Estadio de Mestalla,Valencia,0,2,Away,0,46067,39.47391,-0.37966,ES,60,V,Home loss,False,7,3,42.857142857142854
mt455,2018-2019,19-SEP-18 08.00.00.000000000 PM,2018,BSC Young Boys,Manchester United,Stadion Wankdorf,Bern,0,3,Away,0,31120,46.94809,7.44744,CH,BE,246,Home loss,False,6,2,33.33333333333333
mt457,2018-2019,02-OCT-18 08.00.00.000000000 PM,2018,Manchester United,Valencia CF,Old Trafford,Manchester,0,0,Draw,0,73569,53.48095,-2.23743,GB,ENG,I2,Home loss,False,45,31,68.88888888888889
mt458,2018-2019,23-OCT-18 05.55.00.000000000 PM,2018,BSC Young Boys,Valencia CF,Stadion Wankdorf,Bern,1,1,Draw,0,31120,46.94809,7.44744,CH,BE,246,Home loss,False,6,2,33.33333333333333
mt459,2018-2019,23-OCT-18 08.00.00.000000000 PM,2018,Manchester United,Juventus,Old Trafford,Manchester,0,1,Away,0,73946,53.48095,-2.23743,GB,ENG,I2,Home loss,False,45,31,68.88888888888889
mt460,2018-2019,07-NOV-18 05.55.00.000000000 PM,2018,Valencia CF,BSC Young Boys,Estadio de Mestalla,Valencia,3,1,Home,0,36480,39.47391,-0.37966,ES,60,V,Home win,True,7,3,42.857142857142854
mt463,2018-2019,27-NOV-18 08.00.00.000000000 PM,2018,Manchester United,BSC Young Boys,Old Trafford,Manchester,1,0,Home,0,72876,53.48095,-2.23743,GB,ENG,I2,Home win,True,45,31,68.88888888888889
mt464,2018-2019,12-DEC-18 08.00.00.000000000 PM,2018,Valencia CF,Manchester United,Estadio de Mestalla,Valencia,2,1,Home,0,36544,39.47391,-0.37966,ES,60,V,Home win,True,7,3,42.857142857142854
mt465,2018-2019,12-DEC-18 08.00.00.000000000 PM,2018,BSC Young Boys,Juventus,Stadion Wankdorf,Bern,2,1,Home,0,30114,46.94809,7.44744,CH,BE,246,Home win,True,6,2,33.33333333333333
mt466,2018-2019,12-FEB-19 08.00.00.000000000 PM,2019,Manchester United,Paris Saint-Germain,Old Trafford,Manchester,0,2,Away,0,74054,53.48095,-2.23743,GB,ENG,I2,Home loss,False,45,31,68.88888888888889
mt468,2018-2019,13-FEB-19 08.00.00.000000000 PM,2019,Tottenham Hotspur,Borussia Dortmund,Wembley Stadium,London,3,0,Home,0,71214,51.50853,-0.12574,GB,ENG,GLA,Home win,True,39,21,53.84615384615385
mt469,2018-2019,13-FEB-19 08.00.00.000000000 PM,2019,AFC Ajax,Real Madrid,Johan Cruijff ArenA,Amsterdam,1,2,Away,0,52286,52.37403,4.88969,NL,07,0363,Home loss,False,16,7,43.75
mt471,2018-2019,19-FEB-19 08.00.00.000000000 PM,2019,Liverpool FC,Bayern München,Anfield,Liverpool,0,0,Draw,0,52250,53.41058,-2.97794,GB,ENG,H8,Home loss,False,26,17,65.38461538461539
mt472,2018-2019,20-FEB-19 08.00.00.000000000 PM,2019,FC Schalke 04,Manchester City,Veltins-Arena,Gelsenkirchen,2,3,Away,0,54417,51.50508,7.09654,DE,07,055,Home loss,False,4,2,50.0
mt473,2018-2019,20-FEB-19 08.00.00.000000000 PM,2019,Atlético Madrid,Juventus,Wanda Metropolitano,Madrid,2,0,Home,0,67193,40.4165,-3.70256,ES,29,M,Home win,True,58,33,56.896551724137936
mt474,2018-2019,05-MAR-19 08.00.00.000000000 PM,2019,Borussia Dortmund,Tottenham Hotspur,Signal Iduna Park,Dortmund,0,1,Away,0,66099,51.51494,7.466,DE,07,059,Home loss,False,24,12,50.0
mt475,2018-2019,05-MAR-19 08.00.00.000000000 PM,2019,Real Madrid,AFC Ajax,Santiago Bernabéu,Madrid,1,4,Away,0,77013,40.4165,-3.70256,ES,29,M,Home loss,False,58,33,56.896551724137936
mt477,2018-2019,06-MAR-19 08.00.00.000000000 PM,2019,FC Porto,AS Roma,Estádio do Dragão,Porto,3,1,Home,0,49029,42.16737,-6.89934,ES,55,ZA,Home win,True,42,24,57.14285714285714
mt477,2018-2019,06-MAR-19 08.00.00.000000000 PM,2019,FC Porto,AS Roma,Estádio do Dragão,Porto,3,1,Home,0,49029,41.14961,-8.61099,PT,17,1312,Home win,True,42,24,57.14285714285714
mt478,2018-2019,12-MAR-19 08.00.00.000000000 PM,2019,Manchester City,FC Schalke 04,Etihad Stadium,Manchester,7,0,Home,0,51518,53.48095,-2.23743,GB,ENG,I2,Home win,True,45,31,68.88888888888889
mt480,2018-2019,13-MAR-19 08.00.00.000000000 PM,2019,FC Barcelona,Olympique Lyon,Spotify Camp Nou,Barcelona,5,1,Home,0,92346,41.38879,2.15899,ES,56,B,Home win,True,27,20,74.07407407407408
mt481,2018-2019,13-MAR-19 08.00.00.000000000 PM,2019,Bayern München,Liverpool FC,Allianz Arena,Munich,1,3,Away,0,68145,48.13743,11.57549,DE,02,091,Home loss,False,29,22,75.86206896551724
mt482,2018-2019,09-APR-19 08.00.00.000000000 PM,2019,Liverpool FC,FC Porto,Anfield,Liverpool,2,0,Home,0,52465,53.41058,-2.97794,GB,ENG,H8,Home win,True,26,17,65.38461538461539
mt483,2018-2019,09-APR-19 08.00.00.000000000 PM,2019,Tottenham Hotspur,Manchester City,Tottenham Hotspur Stadium,London,1,0,Home,0,60044,51.50853,-0.12574,GB,ENG,GLA,Home win,True,39,21,53.84615384615385
mt484,2018-2019,10-APR-19 08.00.00.000000000 PM,2019,AFC Ajax,Juventus,Johan Cruijff ArenA,Amsterdam,1,1,Draw,0,50390,52.37403,4.88969,NL,07,0363,Home loss,False,16,7,43.75
mt485,2018-2019,10-APR-19 08.00.00.000000000 PM,2019,Manchester United,FC Barcelona,Old Trafford,Manchester,0,1,Away,0,74093,53.48095,-2.23743,GB,ENG,I2,Home loss,False,45,31,68.88888888888889
mt487,2018-2019,16-APR-19 08.00.00.000000000 PM,2019,FC Barcelona,Manchester United,Spotify Camp Nou,Barcelona,3,0,Home,0,96708,41.38879,2.15899,ES,56,B,Home win,True,27,20,74.07407407407408
mt488,2018-2019,17-APR-19 08.00.00.000000000 PM,2019,FC Porto,Liverpool FC,Estádio do Dragão,Porto,1,4,Away,0,49117,42.16737,-6.89934,ES,55,ZA,Home loss,False,42,24,57.14285714285714
mt488,2018-2019,17-APR-19 08.00.00.000000000 PM,2019,FC Porto,Liverpool FC,Estádio do Dragão,Porto,1,4,Away,0,49117,41.14961,-8.61099,PT,17,1312,Home loss,False,42,24,57.14285714285714
mt489,2018-2019,17-APR-19 08.00.00.000000000 PM,2019,Manchester City,Tottenham Hotspur,Etihad Stadium,Manchester,4,3,Home,0,53348,53.48095,-2.23743,GB,ENG,I2,Home win,True,45,31,68.88888888888889
mt490,2018-2019,30-APR-19 08.00.00.000000000 PM,2019,Tottenham Hotspur,AFC Ajax,Tottenham Hotspur Stadium,London,0,1,Away,0,60243,51.50853,-0.12574,GB,ENG,GLA,Home loss,False,39,21,53.84615384615385
mt491,2018-2019,01-MAY-19 08.00.00.000000000 PM,2019,FC Barcelona,Liverpool FC,Spotify Camp Nou,Barcelona,3,0,Home,0,98299,41.38879,2.15899,ES,56,B,Home win,True,27,20,74.07407407407408
mt492,2018-2019,07-MAY-19 08.00.00.000000000 PM,2019,Liverpool FC,FC Barcelona,Anfield,Liverpool,4,0,Home,0,55212,53.41058,-2.97794,GB,ENG,H8,Home win,True,26,17,65.38461538461539
mt493,2018-2019,08-MAY-19 08.00.00.000000000 PM,2019,AFC Ajax,Tottenham Hotspur,Johan Cruijff ArenA,Amsterdam,2,3,Away,0,52641,52.37403,4.88969,NL,07,0363,Home loss,False,16,7,43.75
mt494,2018-2019,01-JUN-19 08.00.00.000000000 PM,2019,Tottenham Hotspur,Liverpool FC,Wanda Metropolitano,Madrid,0,2,Away,0,63272,40.4165,-3.70256,ES,29,M,Home loss,False,58,33,56.896551724137936
mt495,2017-2018,12-SEP-17 07.45.00.000000000 PM,2017,Manchester United,FC Basel,Old Trafford,Manchester,3,0,Home,0,73854,53.48095,-2.23743,GB,ENG,I2,Home win,True,45,31,68.88888888888889
mt496,2017-2018,12-SEP-17 07.45.00.000000000 PM,2017,SL Benfica,CSKA Moskva,Estádio da Luz,Lisbon,1,2,Away,0,38323,38.71667,-9.13333,PT,14,1106,Home loss,False,35,12,34.285714285714285
mt497,2017-2018,27-SEP-17 07.45.00.000000000 PM,2017,FC Basel,SL Benfica,St. Jakob-Park,Basel,5,0,Home,0,34111,47.55839,7.57327,CH,BS,1200,Home win,True,7,2,28.57142857142857
mt499,2017-2018,18-OCT-17 07.45.00.000000000 PM,2017,SL Benfica,Manchester United,Estádio da Luz,Lisbon,0,1,Away,0,57684,38.71667,-9.13333,PT,14,1106,Home loss,False,35,12,34.285714285714285
mt501,2017-2018,31-OCT-17 07.45.00.000000000 PM,2017,Manchester United,SL Benfica,Old Trafford,Manchester,2,0,Home,0,74437,53.48095,-2.23743,GB,ENG,I2,Home win,True,45,31,68.88888888888889
mt502,2017-2018,31-OCT-17 07.45.00.000000000 PM,2017,FC Basel,CSKA Moskva,St. Jakob-Park,Basel,1,2,Away,0,33303,47.55839,7.57327,CH,BS,1200,Home loss,False,7,2,28.57142857142857
mt504,2017-2018,22-NOV-17 07.45.00.000000000 PM,2017,FC Basel,Manchester United,St. Jakob-Park,Basel,1,0,Home,0,36000,47.55839,7.57327,CH,BS,1200,Home win,True,7,2,28.57142857142857
mt505,2017-2018,05-DEC-17 07.45.00.000000000 PM,2017,SL Benfica,FC Basel,Estádio da Luz,Lisbon,0,2,Away,0,22470,38.71667,-9.13333,PT,14,1106,Home loss,False,35,12,34.285714285714285
mt506,2017-2018,05-DEC-17 07.45.00.000000000 PM,2017,Manchester United,CSKA Moskva,Old Trafford,Manchester,2,1,Home,0,74669,53.48095,-2.23743,GB,ENG,I2,Home win,True,45,31,68.88888888888889
mt507,2017-2018,12-SEP-17 07.45.00.000000000 PM,2017,Bayern München,RSC Anderlecht,Allianz Arena,Munich,3,0,Home,0,70000,48.13743,11.57549,DE,02,091,Home win,True,29,22,75.86206896551724
mt508,2017-2018,12-SEP-17 07.45.00.000000000 PM,2017,Celtic FC,Paris Saint-Germain,Celtic Park,Glasgow,0,5,Away,0,57562,55.86515,-4.25763,GB,SCT,V2,Home loss,False,6,0,0.0
mt512,2017-2018,18-OCT-17 07.45.00.000000000 PM,2017,Bayern München,Celtic FC,Allianz Arena,Munich,3,0,Home,0,70000,48.13743,11.57549,DE,02,091,Home win,True,29,22,75.86206896551724
mt514,2017-2018,31-OCT-17 07.45.00.000000000 PM,2017,Celtic FC,Bayern München,Celtic Park,Glasgow,1,2,Away,0,58269,55.86515,-4.25763,GB,SCT,V2,Home loss,False,6,0,0.0
mt517,2017-2018,05-DEC-17 07.45.00.000000000 PM,2017,Bayern München,Paris Saint-Germain,Allianz Arena,Munich,3,1,Home,0,70000,48.13743,11.57549,DE,02,091,Home win,True,29,22,75.86206896551724
mt518,2017-2018,05-DEC-17 07.45.00.000000000 PM,2017,Celtic FC,RSC Anderlecht,Celtic Park,Glasgow,0,1,Away,0,57931,55.86515,-4.25763,GB,SCT,V2,Home loss,False,6,0,0.0
mt520,2017-2018,12-SEP-17 07.45.00.000000000 PM,2017,Chelsea FC,Qarabağ FK,Stamford Bridge,London,6,0,Home,0,41150,51.50853,-0.12574,GB,ENG,GLA,Home win,True,39,21,53.84615384615385
mt522,2017-2018,27-SEP-17 07.45.00.000000000 PM,2017,Atlético Madrid,Chelsea FC,Wanda Metropolitano,Madrid,1,2,Away,0,60643,40.4165,-3.70256,ES,29,M,Home loss,False,58,33,56.896551724137936
mt524,2017-2018,18-OCT-17 07.45.00.000000000 PM,2017,Chelsea FC,AS Roma,Stamford Bridge,London,3,3,Draw,0,41105,51.50853,-0.12574,GB,ENG,GLA,Home loss,False,39,21,53.84615384615385
mt526,2017-2018,31-OCT-17 07.45.00.000000000 PM,2017,Atlético Madrid,Qarabağ FK,Wanda Metropolitano,Madrid,1,1,Draw,0,55893,40.4165,-3.70256,ES,29,M,Home loss,False,58,33,56.896551724137936
mt528,2017-2018,22-NOV-17 07.45.00.000000000 PM,2017,Atlético Madrid,AS Roma,Wanda Metropolitano,Madrid,2,0,Home,0,56253,40.4165,-3.70256,ES,29,M,Home win,True,58,33,56.896551724137936
mt529,2017-2018,05-DEC-17 07.45.00.000000000 PM,2017,Chelsea FC,Atlético Madrid,Stamford Bridge,London,1,1,Draw,0,40875,51.50853,-0.12574,GB,ENG,GLA,Home loss,False,39,21,53.84615384615385
mt531,2017-2018,12-SEP-17 07.45.00.000000000 PM,2017,FC Barcelona,Juventus,Spotify Camp Nou,Barcelona,3,0,Home,0,78656,41.38879,2.15899,ES,56,B,Home win,True,27,20,74.07407407407408
mt534,2017-2018,27-SEP-17 07.45.00.000000000 PM,2017,Sporting CP,FC Barcelona,Estádio José Alvalade,Lisbon,0,1,Away,0,48575,38.71667,-9.13333,PT,14,1106,Home loss,False,35,12,34.285714285714285
mt535,2017-2018,18-OCT-17 07.45.00.000000000 PM,2017,FC Barcelona,Olympiakos Piraeus,Spotify Camp Nou,Barcelona,3,1,Home,0,55026,41.38879,2.15899,ES,56,B,Home win,True,27,20,74.07407407407408
mt538,2017-2018,31-OCT-17 07.45.00.000000000 PM,2017,Sporting CP,Juventus,Estádio José Alvalade,Lisbon,1,1,Draw,0,48442,38.71667,-9.13333,PT,14,1106,Home loss,False,35,12,34.285714285714285
mt540,2017-2018,22-NOV-17 07.45.00.000000000 PM,2017,Sporting CP,Olympiakos Piraeus,Estádio José Alvalade,Lisbon,3,1,Home,0,42528,38.71667,-9.13333,PT,14,1106,Home win,True,35,12,34.285714285714285
mt541,2017-2018,05-DEC-17 07.45.00.000000000 PM,2017,FC Barcelona,Sporting CP,Spotify Camp Nou,Barcelona,2,0,Home,0,48336,41.38879,2.15899,ES,56,B,Home win,True,27,20,74.07407407407408
mt543,2017-2018,13-SEP-17 07.45.00.000000000 PM,2017,Liverpool FC,Sevilla FC,Anfield,Liverpool,2,2,Draw,0,52332,53.41058,-2.97794,GB,ENG,H8,Home loss,False,26,17,65.38461538461539
mt546,2017-2018,26-SEP-17 07.45.00.000000000 PM,2017,Sevilla FC,NK Maribor,Ramón Sánchez Pizjuán,Sevilla,3,0,Home,0,34705,37.38283,-5.97317,ES,51,SE,Home win,True,18,8,44.44444444444444
mt549,2017-2018,01-NOV-17 07.45.00.000000000 PM,2017,Sevilla FC,Spartak Moskva,Ramón Sánchez Pizjuán,Sevilla,2,1,Home,0,38002,37.38283,-5.97317,ES,51,SE,Home win,True,18,8,44.44444444444444
mt550,2017-2018,01-NOV-17 07.45.00.000000000 PM,2017,Liverpool FC,NK Maribor,Anfield,Liverpool,3,0,Home,0,47957,53.41058,-2.97794,GB,ENG,H8,Home win,True,26,17,65.38461538461539
mt552,2017-2018,21-NOV-17 07.45.00.000000000 PM,2017,Sevilla FC,Liverpool FC,Ramón Sánchez Pizjuán,Sevilla,3,3,Draw,0,39495,37.38283,-5.97317,ES,51,SE,Home loss,False,18,8,44.44444444444444
mt553,2017-2018,06-DEC-17 07.45.00.000000000 PM,2017,Liverpool FC,Spartak Moskva,Anfield,Liverpool,7,0,Home,0,48779,53.41058,-2.97794,GB,ENG,H8,Home win,True,26,17,65.38461538461539
mt555,2017-2018,13-SEP-17 07.45.00.000000000 PM,2017,Shakhtar Donetsk,SSC Napoli,Metalist Stadion,Kharkiv,2,1,Home,0,32679,49.98081,36.25272,UA,07,6312,Home win,True,9,4,44.44444444444444
mt556,2017-2018,13-SEP-17 07.45.00.000000000 PM,2017,Feyenoord,Manchester City,De Kuip,Rotterdam,0,4,Away,0,43500,51.9225,4.47917,NL,11,0599,Home loss,False,3,1,33.33333333333333
mt557,2017-2018,26-SEP-17 07.45.00.000000000 PM,2017,Manchester City,Shakhtar Donetsk,Etihad Stadium,Manchester,2,0,Home,0,45310,53.48095,-2.23743,GB,ENG,I2,Home win,True,45,31,68.88888888888889
mt559,2017-2018,17-OCT-17 07.45.00.000000000 PM,2017,Manchester City,SSC Napoli,Etihad Stadium,Manchester,2,1,Home,0,48520,53.48095,-2.23743,GB,ENG,I2,Home win,True,45,31,68.88888888888889
mt560,2017-2018,17-OCT-17 07.45.00.000000000 PM,2017,Feyenoord,Shakhtar Donetsk,De Kuip,Rotterdam,1,2,Away,0,43500,51.9225,4.47917,NL,11,0599,Home loss,False,3,1,33.33333333333333
mt562,2017-2018,01-NOV-17 07.45.00.000000000 PM,2017,Shakhtar Donetsk,Feyenoord,Metalist Stadion,Kharkiv,3,1,Home,0,24570,49.98081,36.25272,UA,07,6312,Home win,True,9,4,44.44444444444444
mt564,2017-2018,21-NOV-17 07.45.00.000000000 PM,2017,Manchester City,Feyenoord,Etihad Stadium,Manchester,1,0,Home,0,43548,53.48095,-2.23743,GB,ENG,I2,Home win,True,45,31,68.88888888888889
mt565,2017-2018,06-DEC-17 07.45.00.000000000 PM,2017,Shakhtar Donetsk,Manchester City,Metalist Stadion,Kharkiv,2,1,Home,0,33154,49.98081,36.25272,UA,07,6312,Home win,True,9,4,44.44444444444444
mt566,2017-2018,06-DEC-17 07.45.00.000000000 PM,2017,Feyenoord,SSC Napoli,De Kuip,Rotterdam,2,1,Home,0,36500,51.9225,4.47917,NL,11,0599,Home win,True,3,1,33.33333333333333
mt567,2017-2018,13-SEP-17 07.45.00.000000000 PM,2017,FC Porto,Beşiktaş,Estádio do Dragão,Porto,1,3,Away,0,42429,42.16737,-6.89934,ES,55,ZA,Home loss,False,42,24,57.14285714285714
mt567,2017-2018,13-SEP-17 07.45.00.000000000 PM,2017,FC Porto,Beşiktaş,Estádio do Dragão,Porto,1,3,Away,0,42429,41.14961,-8.61099,PT,17,1312,Home loss,False,42,24,57.14285714285714
mt568,2017-2018,13-SEP-17 07.45.00.000000000 PM,2017,RB Leipzig,AS Monaco,Red Bull Arena,Leipzig,1,1,Draw,0,40068,51.33962,12.37129,DE,13,00,Home loss,False,23,11,47.82608695652174
mt572,2017-2018,17-OCT-17 07.45.00.000000000 PM,2017,RB Leipzig,FC Porto,Red Bull Arena,Leipzig,3,2,Home,0,41496,51.33962,12.37129,DE,13,00,Home win,True,23,11,47.82608695652174
mt574,2017-2018,01-NOV-17 07.45.00.000000000 PM,2017,FC Porto,RB Leipzig,Estádio do Dragão,Porto,3,1,Home,0,41616,42.16737,-6.89934,ES,55,ZA,Home win,True,42,24,57.14285714285714
mt574,2017-2018,01-NOV-17 07.45.00.000000000 PM,2017,FC Porto,RB Leipzig,Estádio do Dragão,Porto,3,1,Home,0,41616,41.14961,-8.61099,PT,17,1312,Home win,True,42,24,57.14285714285714
mt577,2017-2018,06-DEC-17 07.45.00.000000000 PM,2017,FC Porto,AS Monaco,Estádio do Dragão,Porto,5,2,Home,0,42509,42.16737,-6.89934,ES,55,ZA,Home win,True,42,24,57.14285714285714
mt577,2017-2018,06-DEC-17 07.45.00.000000000 PM,2017,FC Porto,AS Monaco,Estádio do Dragão,Porto,5,2,Home,0,42509,41.14961,-8.61099,PT,17,1312,Home win,True,42,24,57.14285714285714
mt578,2017-2018,06-DEC-17 07.45.00.000000000 PM,2017,RB Leipzig,Beşiktaş,Red Bull Arena,Leipzig,1,2,Away,0,42558,51.33962,12.37129,DE,13,00,Home loss,False,23,11,47.82608695652174
mt579,2017-2018,13-SEP-17 07.45.00.000000000 PM,2017,Tottenham Hotspur,Borussia Dortmund,Wembley Stadium,London,3,1,Home,0,67343,51.50853,-0.12574,GB,ENG,GLA,Home win,True,39,21,53.84615384615385
mt580,2017-2018,13-SEP-17 07.45.00.000000000 PM,2017,Real Madrid,APOEL Nikosia,Santiago Bernabéu,Madrid,3,0,Home,0,71060,40.4165,-3.70256,ES,29,M,Home win,True,58,33,56.896551724137936
mt581,2017-2018,26-SEP-17 07.45.00.000000000 PM,2017,Borussia Dortmund,Real Madrid,Signal Iduna Park,Dortmund,1,3,Away,0,65849,51.51494,7.466,DE,07,059,Home loss,False,24,12,50.0
mt583,2017-2018,17-OCT-17 07.45.00.000000000 PM,2017,Real Madrid,Tottenham Hotspur,Santiago Bernabéu,Madrid,1,1,Draw,0,76589,40.4165,-3.70256,ES,29,M,Home loss,False,58,33,56.896551724137936
mt585,2017-2018,01-NOV-17 07.45.00.000000000 PM,2017,Tottenham Hotspur,Real Madrid,Wembley Stadium,London,3,1,Home,0,83782,51.50853,-0.12574,GB,ENG,GLA,Home win,True,39,21,53.84615384615385
mt586,2017-2018,01-NOV-17 07.45.00.000000000 PM,2017,Borussia Dortmund,APOEL Nikosia,Signal Iduna Park,Dortmund,1,1,Draw,0,64509,51.51494,7.466,DE,07,059,Home loss,False,24,12,50.0
mt587,2017-2018,21-NOV-17 07.45.00.000000000 PM,2017,Borussia Dortmund,Tottenham Hotspur,Signal Iduna Park,Dortmund,1,2,Away,0,65849,51.51494,7.466,DE,07,059,Home loss,False,24,12,50.0
mt589,2017-2018,06-DEC-17 07.45.00.000000000 PM,2017,Real Madrid,Borussia Dortmund,Santiago Bernabéu,Madrid,3,2,Home,0,73323,40.4165,-3.70256,ES,29,M,Home win,True,58,33,56.896551724137936
mt590,2017-2018,06-DEC-17 07.45.00.000000000 PM,2017,Tottenham Hotspur,APOEL Nikosia,Wembley Stadium,London,3,0,Home,0,42679,51.50853,-0.12574,GB,ENG,GLA,Home win,True,39,21,53.84615384615385
mt592,2017-2018,13-FEB-18 07.45.00.000000000 PM,2018,FC Basel,Manchester City,St. Jakob-Park,Basel,0,4,Away,0,36000,47.55839,7.57327,CH,BS,1200,Home loss,False,7,2,28.57142857142857
mt593,2017-2018,14-FEB-18 07.45.00.000000000 PM,2018,FC Porto,Liverpool FC,Estádio do Dragão,Porto,0,5,Away,0,47718,42.16737,-6.89934,ES,55,ZA,Home loss,False,42,24,57.14285714285714
mt593,2017-2018,14-FEB-18 07.45.00.000000000 PM,2018,FC Porto,Liverpool FC,Estádio do Dragão,Porto,0,5,Away,0,47718,41.14961,-8.61099,PT,17,1312,Home loss,False,42,24,57.14285714285714
mt594,2017-2018,14-FEB-18 07.45.00.000000000 PM,2018,Real Madrid,Paris Saint-Germain,Santiago Bernabéu,Madrid,3,1,Home,0,78158,40.4165,-3.70256,ES,29,M,Home win,True,58,33,56.896551724137936
mt595,2017-2018,20-FEB-18 07.45.00.000000000 PM,2018,Chelsea FC,FC Barcelona,Stamford Bridge,London,1,1,Draw,0,37741,51.50853,-0.12574,GB,ENG,GLA,Home loss,False,39,21,53.84615384615385
mt596,2017-2018,20-FEB-18 07.45.00.000000000 PM,2018,Bayern München,Beşiktaş,Allianz Arena,Munich,5,0,Home,0,70000,48.13743,11.57549,DE,02,091,Home win,True,29,22,75.86206896551724
mt597,2017-2018,21-FEB-18 07.45.00.000000000 PM,2018,Sevilla FC,Manchester United,Ramón Sánchez Pizjuán,Sevilla,0,0,Draw,0,39725,37.38283,-5.97317,ES,51,SE,Home loss,False,18,8,44.44444444444444
mt598,2017-2018,21-FEB-18 07.45.00.000000000 PM,2018,Shakhtar Donetsk,AS Roma,Metalist Stadion,Kharkiv,2,1,Home,0,35124,49.98081,36.25272,UA,07,6312,Home win,True,9,4,44.44444444444444
mt599,2017-2018,06-MAR-18 07.45.00.000000000 PM,2018,Liverpool FC,FC Porto,Anfield,Liverpool,0,0,Draw,0,48768,53.41058,-2.97794,GB,ENG,H8,Home loss,False,26,17,65.38461538461539
mt601,2017-2018,07-MAR-18 07.45.00.000000000 PM,2018,Tottenham Hotspur,Juventus,Wembley Stadium,London,1,2,Away,0,84010,51.50853,-0.12574,GB,ENG,GLA,Home loss,False,39,21,53.84615384615385
mt602,2017-2018,07-MAR-18 07.45.00.000000000 PM,2018,Manchester City,FC Basel,Etihad Stadium,Manchester,1,2,Away,0,49411,53.48095,-2.23743,GB,ENG,I2,Home loss,False,45,31,68.88888888888889
mt603,2017-2018,13-MAR-18 07.45.00.000000000 PM,2018,Manchester United,Sevilla FC,Old Trafford,Manchester,1,2,Away,0,74909,53.48095,-2.23743,GB,ENG,I2,Home loss,False,45,31,68.88888888888889
mt606,2017-2018,14-MAR-18 07.45.00.000000000 PM,2018,FC Barcelona,Chelsea FC,Spotify Camp Nou,Barcelona,3,0,Home,0,97183,41.38879,2.15899,ES,56,B,Home win,True,27,20,74.07407407407408
mt607,2017-2018,03-APR-18 07.45.00.000000000 PM,2018,Sevilla FC,Bayern München,Ramón Sánchez Pizjuán,Sevilla,1,2,Away,0,40635,37.38283,-5.97317,ES,51,SE,Home loss,False,18,8,44.44444444444444
mt609,2017-2018,04-APR-18 07.45.00.000000000 PM,2018,FC Barcelona,AS Roma,Spotify Camp Nou,Barcelona,4,1,Home,0,90106,41.38879,2.15899,ES,56,B,Home win,True,27,20,74.07407407407408
mt610,2017-2018,04-APR-18 07.45.00.000000000 PM,2018,Liverpool FC,Manchester City,Anfield,Liverpool,3,0,Home,0,50685,53.41058,-2.97794,GB,ENG,H8,Home win,True,26,17,65.38461538461539
mt612,2017-2018,10-APR-18 07.45.00.000000000 PM,2018,Manchester City,Liverpool FC,Etihad Stadium,Manchester,1,2,Away,0,53461,53.48095,-2.23743,GB,ENG,I2,Home loss,False,45,31,68.88888888888889
mt613,2017-2018,11-APR-18 07.45.00.000000000 PM,2018,Bayern München,Sevilla FC,Allianz Arena,Munich,0,0,Draw,0,70000,48.13743,11.57549,DE,02,091,Home loss,False,29,22,75.86206896551724
mt614,2017-2018,11-APR-18 07.45.00.000000000 PM,2018,Real Madrid,Juventus,Santiago Bernabéu,Madrid,1,3,Away,0,75796,40.4165,-3.70256,ES,29,M,Home loss,False,58,33,56.896551724137936
mt615,2017-2018,24-APR-18 07.45.00.000000000 PM,2018,Liverpool FC,AS Roma,Anfield,Liverpool,5,2,Home,0,51236,53.41058,-2.97794,GB,ENG,H8,Home win,True,26,17,65.38461538461539
mt616,2017-2018,25-APR-18 07.45.00.000000000 PM,2018,Bayern München,Real Madrid,Allianz Arena,Munich,1,2,Away,0,70000,48.13743,11.57549,DE,02,091,Home loss,False,29,22,75.86206896551724
mt617,2017-2018,01-MAY-18 07.45.00.000000000 PM,2018,Real Madrid,Bayern München,Santiago Bernabéu,Madrid,2,2,Draw,0,77459,40.4165,-3.70256,ES,29,M,Home loss,False,58,33,56.896551724137936
mt619,2017-2018,26-MAY-18 07.45.00.000000000 PM,2018,Real Madrid,Liverpool FC,Olimpiyskyi,Kyiv,3,1,Home,0,61561,50.45466,30.5238,UA,12,,Home win,True,17,4,23.52941176470588
mt620,2016-2017,13-SEP-16 07.45.00.000000000 PM,2016,FC Basel,PFC Ludogorets Razgrad,St. Jakob-Park,Basel,1,1,Draw,0,30852,47.55839,7.57327,CH,BS,1200,Home loss,False,7,2,28.57142857142857
mt622,2016-2017,28-SEP-16 07.45.00.000000000 PM,2016,Arsenal FC,FC Basel,Emirates Stadium,London,2,0,Home,0,59993,51.50853,-0.12574,GB,ENG,GLA,Home win,True,39,21,53.84615384615385
mt624,2016-2017,19-OCT-16 07.45.00.000000000 PM,2016,Arsenal FC,PFC Ludogorets Razgrad,Emirates Stadium,London,6,0,Home,0,59944,51.50853,-0.12574,GB,ENG,GLA,Home win,True,39,21,53.84615384615385
mt626,2016-2017,01-NOV-16 07.45.00.000000000 PM,2016,FC Basel,Paris Saint-Germain,St. Jakob-Park,Basel,1,2,Away,0,34639,47.55839,7.57327,CH,BS,1200,Home loss,False,7,2,28.57142857142857
mt628,2016-2017,23-NOV-16 07.45.00.000000000 PM,2016,Arsenal FC,Paris Saint-Germain,Emirates Stadium,London,2,2,Draw,0,59628,51.50853,-0.12574,GB,ENG,GLA,Home loss,False,39,21,53.84615384615385
mt630,2016-2017,06-DEC-16 07.45.00.000000000 PM,2016,FC Basel,Arsenal FC,St. Jakob-Park,Basel,1,4,Away,0,36000,47.55839,7.57327,CH,BS,1200,Home loss,False,7,2,28.57142857142857
mt632,2016-2017,13-SEP-16 07.45.00.000000000 PM,2016,Dinamo Kyiv,SSC Napoli,Olimpiyskyi,Kyiv,1,2,Away,0,35137,50.45466,30.5238,UA,12,,Home loss,False,17,4,23.52941176470588
mt633,2016-2017,13-SEP-16 07.45.00.000000000 PM,2016,SL Benfica,Beşiktaş,Estádio da Luz,Lisbon,1,1,Draw,0,42126,38.71667,-9.13333,PT,14,1106,Home loss,False,35,12,34.285714285714285
mt636,2016-2017,19-OCT-16 07.45.00.000000000 PM,2016,Dinamo Kyiv,SL Benfica,Olimpiyskyi,Kyiv,0,2,Away,0,25991,50.45466,30.5238,UA,12,,Home loss,False,17,4,23.52941176470588
mt639,2016-2017,01-NOV-16 07.45.00.000000000 PM,2016,SL Benfica,Dinamo Kyiv,Estádio da Luz,Lisbon,1,0,Home,0,51641,38.71667,-9.13333,PT,14,1106,Home win,True,35,12,34.285714285714285
mt642,2016-2017,06-DEC-16 07.45.00.000000000 PM,2016,Dinamo Kyiv,Beşiktaş,Olimpiyskyi,Kyiv,6,0,Home,0,14036,50.45466,30.5238,UA,12,,Home win,True,17,4,23.52941176470588
mt643,2016-2017,06-DEC-16 07.45.00.000000000 PM,2016,SL Benfica,SSC Napoli,Estádio da Luz,Lisbon,1,2,Away,0,55634,38.71667,-9.13333,PT,14,1106,Home loss,False,35,12,34.285714285714285
mt644,2016-2017,13-SEP-16 07.45.00.000000000 PM,2016,FC Barcelona,Celtic FC,Spotify Camp Nou,Barcelona,7,0,Home,0,73290,41.38879,2.15899,ES,56,B,Home win,True,27,20,74.07407407407408
mt645,2016-2017,14-SEP-16 07.45.00.000000000 PM,2016,Manchester City,Bor. Mönchengladbach,Etihad Stadium,Manchester,4,0,Home,0,30270,53.48095,-2.23743,GB,ENG,I2,Home win,True,45,31,68.88888888888889
mt646,2016-2017,28-SEP-16 07.45.00.000000000 PM,2016,Bor. Mönchengladbach,FC Barcelona,Borussia-Park,Mönchengladbach,1,2,Away,0,46283,51.18539,6.44172,DE,07,051,Home loss,False,6,1,16.666666666666664
mt647,2016-2017,28-SEP-16 07.45.00.000000000 PM,2016,Celtic FC,Manchester City,Celtic Park,Glasgow,3,3,Draw,0,57592,55.86515,-4.25763,GB,SCT,V2,Home loss,False,6,0,0.0
mt648,2016-2017,19-OCT-16 07.45.00.000000000 PM,2016,Celtic FC,Bor. Mönchengladbach,Celtic Park,Glasgow,0,2,Away,0,57814,55.86515,-4.25763,GB,SCT,V2,Home loss,False,6,0,0.0
mt649,2016-2017,19-OCT-16 07.45.00.000000000 PM,2016,FC Barcelona,Manchester City,Spotify Camp Nou,Barcelona,4,0,Home,0,96290,41.38879,2.15899,ES,56,B,Home win,True,27,20,74.07407407407408
mt650,2016-2017,01-NOV-16 07.45.00.000000000 PM,2016,Bor. Mönchengladbach,Celtic FC,Borussia-Park,Mönchengladbach,1,1,Draw,0,46283,51.18539,6.44172,DE,07,051,Home loss,False,6,1,16.666666666666664
mt651,2016-2017,01-NOV-16 07.45.00.000000000 PM,2016,Manchester City,FC Barcelona,Etihad Stadium,Manchester,3,1,Home,0,53340,53.48095,-2.23743,GB,ENG,I2,Home win,True,45,31,68.88888888888889
mt652,2016-2017,23-NOV-16 07.45.00.000000000 PM,2016,Bor. Mönchengladbach,Manchester City,Borussia-Park,Mönchengladbach,1,1,Draw,0,45921,51.18539,6.44172,DE,07,051,Home loss,False,6,1,16.666666666666664
mt653,2016-2017,23-NOV-16 07.45.00.000000000 PM,2016,Celtic FC,FC Barcelona,Celtic Park,Glasgow,0,2,Away,0,57937,55.86515,-4.25763,GB,SCT,V2,Home loss,False,6,0,0.0
mt654,2016-2017,06-DEC-16 07.45.00.000000000 PM,2016,FC Barcelona,Bor. Mönchengladbach,Spotify Camp Nou,Barcelona,4,0,Home,0,67157,41.38879,2.15899,ES,56,B,Home win,True,27,20,74.07407407407408
mt655,2016-2017,06-DEC-16 07.45.00.000000000 PM,2016,Manchester City,Celtic FC,Etihad Stadium,Manchester,1,1,Draw,0,51297,53.48095,-2.23743,GB,ENG,I2,Home loss,False,45,31,68.88888888888889
mt656,2016-2017,13-SEP-16 07.45.00.000000000 PM,2016,Bayern München,FK Rostov,Allianz Arena,Munich,5,0,Home,0,70000,48.13743,11.57549,DE,02,091,Home win,True,29,22,75.86206896551724
mt657,2016-2017,13-SEP-16 07.45.00.000000000 PM,2016,PSV Eindhoven,Atlético Madrid,Philips Stadion,Eindhoven,0,1,Away,0,33989,51.44083,5.47778,NL,06,0772,Home loss,False,6,0,0.0
mt658,2016-2017,28-SEP-16 07.45.00.000000000 PM,2016,Atlético Madrid,Bayern München,Vicente Calderón,Madrid,1,0,Home,0,48242,40.4165,-3.70256,ES,29,M,Home win,True,58,33,56.896551724137936
mt660,2016-2017,19-OCT-16 07.45.00.000000000 PM,2016,Bayern München,PSV Eindhoven,Allianz Arena,Munich,4,1,Home,0,70000,48.13743,11.57549,DE,02,091,Home win,True,29,22,75.86206896551724
mt662,2016-2017,01-NOV-16 07.45.00.000000000 PM,2016,Atlético Madrid,FK Rostov,Vicente Calderón,Madrid,2,1,Home,0,40392,40.4165,-3.70256,ES,29,M,Home win,True,58,33,56.896551724137936
mt663,2016-2017,01-NOV-16 07.45.00.000000000 PM,2016,PSV Eindhoven,Bayern München,Philips Stadion,Eindhoven,1,2,Away,0,35000,51.44083,5.47778,NL,06,0772,Home loss,False,6,0,0.0
mt665,2016-2017,23-NOV-16 07.45.00.000000000 PM,2016,Atlético Madrid,PSV Eindhoven,Vicente Calderón,Madrid,2,0,Home,0,37891,40.4165,-3.70256,ES,29,M,Home win,True,58,33,56.896551724137936
mt666,2016-2017,06-DEC-16 07.45.00.000000000 PM,2016,Bayern München,Atlético Madrid,Allianz Arena,Munich,1,0,Home,0,70000,48.13743,11.57549,DE,02,091,Home win,True,29,22,75.86206896551724
mt667,2016-2017,06-DEC-16 07.45.00.000000000 PM,2016,PSV Eindhoven,FK Rostov,Philips Stadion,Eindhoven,0,0,Draw,0,33400,51.44083,5.47778,NL,06,0772,Home loss,False,6,0,0.0
mt668,2016-2017,14-SEP-16 07.45.00.000000000 PM,2016,Bayer Leverkusen,CSKA Moskva,BayArena,Leverkusen,2,2,Draw,0,23459,51.0303,6.98432,DE,07,053,Home loss,False,7,2,28.57142857142857
mt669,2016-2017,14-SEP-16 07.45.00.000000000 PM,2016,Tottenham Hotspur,AS Monaco,Wembley Stadium,London,1,2,Away,0,85011,51.50853,-0.12574,GB,ENG,GLA,Home loss,False,39,21,53.84615384615385
mt672,2016-2017,18-OCT-16 07.45.00.000000000 PM,2016,Bayer Leverkusen,Tottenham Hotspur,BayArena,Leverkusen,0,0,Draw,0,28887,51.0303,6.98432,DE,07,053,Home loss,False,7,2,28.57142857142857
mt675,2016-2017,02-NOV-16 07.45.00.000000000 PM,2016,Tottenham Hotspur,Bayer Leverkusen,Wembley Stadium,London,0,1,Away,0,85512,51.50853,-0.12574,GB,ENG,GLA,Home loss,False,39,21,53.84615384615385
mt678,2016-2017,07-DEC-16 07.45.00.000000000 PM,2016,Bayer Leverkusen,AS Monaco,BayArena,Leverkusen,3,0,Home,0,21928,51.0303,6.98432,DE,07,053,Home win,True,7,2,28.57142857142857
mt679,2016-2017,07-DEC-16 07.45.00.000000000 PM,2016,Tottenham Hotspur,CSKA Moskva,Wembley Stadium,London,3,1,Home,0,62034,51.50853,-0.12574,GB,ENG,GLA,Home win,True,39,21,53.84615384615385
mt681,2016-2017,14-SEP-16 07.45.00.000000000 PM,2016,Real Madrid,Sporting CP,Santiago Bernabéu,Madrid,2,1,Home,0,72179,40.4165,-3.70256,ES,29,M,Home win,True,58,33,56.896551724137936
mt682,2016-2017,27-SEP-16 07.45.00.000000000 PM,2016,Borussia Dortmund,Real Madrid,Signal Iduna Park,Dortmund,2,2,Draw,0,65849,51.51494,7.466,DE,07,059,Home loss,False,24,12,50.0
mt683,2016-2017,27-SEP-16 07.45.00.000000000 PM,2016,Sporting CP,Legia Warszawa,Estádio José Alvalade,Lisbon,2,0,Home,0,40094,38.71667,-9.13333,PT,14,1106,Home win,True,35,12,34.285714285714285
mt684,2016-2017,18-OCT-16 07.45.00.000000000 PM,2016,Real Madrid,Legia Warszawa,Santiago Bernabéu,Madrid,5,1,Home,0,70251,40.4165,-3.70256,ES,29,M,Home win,True,58,33,56.896551724137936
mt685,2016-2017,18-OCT-16 07.45.00.000000000 PM,2016,Sporting CP,Borussia Dortmund,Estádio José Alvalade,Lisbon,1,2,Away,0,46609,38.71667,-9.13333,PT,14,1106,Home loss,False,35,12,34.285714285714285
mt686,2016-2017,02-NOV-16 07.45.00.000000000 PM,2016,Borussia Dortmund,Sporting CP,Signal Iduna Park,Dortmund,1,0,Home,0,65849,51.51494,7.466,DE,07,059,Home win,True,24,12,50.0
mt688,2016-2017,22-NOV-16 07.45.00.000000000 PM,2016,Borussia Dortmund,Legia Warszawa,Signal Iduna Park,Dortmund,8,4,Home,0,55094,51.51494,7.466,DE,07,059,Home win,True,24,12,50.0
mt689,2016-2017,22-NOV-16 07.45.00.000000000 PM,2016,Sporting CP,Real Madrid,Estádio José Alvalade,Lisbon,1,2,Away,0,50046,38.71667,-9.13333,PT,14,1106,Home loss,False,35,12,34.285714285714285
mt691,2016-2017,07-DEC-16 07.45.00.000000000 PM,2016,Real Madrid,Borussia Dortmund,Santiago Bernabéu,Madrid,2,2,Draw,0,76894,40.4165,-3.70256,ES,29,M,Home loss,False,58,33,56.896551724137936
mt692,2016-2017,14-SEP-16 07.45.00.000000000 PM,2016,Club Brugge KV,Leicester City,Jan Breydel Stadion,Brugge,0,3,Away,0,20970,51.20892,3.22424,BE,VLG,VWV,Home loss,False,15,1,6.666666666666667
mt693,2016-2017,14-SEP-16 07.45.00.000000000 PM,2016,FC Porto,FC København,Estádio do Dragão,Porto,1,1,Draw,0,34325,42.16737,-6.89934,ES,55,ZA,Home loss,False,42,24,57.14285714285714
mt693,2016-2017,14-SEP-16 07.45.00.000000000 PM,2016,FC Porto,FC København,Estádio do Dragão,Porto,1,1,Draw,0,34325,41.14961,-8.61099,PT,17,1312,Home loss,False,42,24,57.14285714285714
mt695,2016-2017,27-SEP-16 07.45.00.000000000 PM,2016,Leicester City,FC Porto,King Power Stadium,Leicester,1,0,Home,0,31805,52.6386,-1.13169,GB,ENG,H4,Home win,True,5,4,80.0
mt696,2016-2017,18-OCT-16 07.45.00.000000000 PM,2016,Club Brugge KV,FC Porto,Jan Breydel Stadion,Brugge,1,2,Away,0,23325,51.20892,3.22424,BE,VLG,VWV,Home loss,False,15,1,6.666666666666667
mt697,2016-2017,18-OCT-16 07.45.00.000000000 PM,2016,Leicester City,FC København,King Power Stadium,Leicester,1,0,Home,0,31037,52.6386,-1.13169,GB,ENG,H4,Home win,True,5,4,80.0
mt699,2016-2017,02-NOV-16 07.45.00.000000000 PM,2016,FC Porto,Club Brugge KV,Estádio do Dragão,Porto,1,0,Home,0,32310,42.16737,-6.89934,ES,55,ZA,Home win,True,42,24,57.14285714285714
mt699,2016-2017,02-NOV-16 07.45.00.000000000 PM,2016,FC Porto,Club Brugge KV,Estádio do Dragão,Porto,1,0,Home,0,32310,41.14961,-8.61099,PT,17,1312,Home win,True,42,24,57.14285714285714
mt701,2016-2017,22-NOV-16 07.45.00.000000000 PM,2016,Leicester City,Club Brugge KV,King Power Stadium,Leicester,2,1,Home,0,31443,52.6386,-1.13169,GB,ENG,H4,Home win,True,5,4,80.0
mt702,2016-2017,07-DEC-16 07.45.00.000000000 PM,2016,Club Brugge KV,FC København,Jan Breydel Stadion,Brugge,0,2,Away,0,18981,51.20892,3.22424,BE,VLG,VWV,Home loss,False,15,1,6.666666666666667
mt703,2016-2017,07-DEC-16 07.45.00.000000000 PM,2016,FC Porto,Leicester City,Estádio do Dragão,Porto,5,0,Home,0,39310,42.16737,-6.89934,ES,55,ZA,Home win,True,42,24,57.14285714285714
mt703,2016-2017,07-DEC-16 07.45.00.000000000 PM,2016,FC Porto,Leicester City,Estádio do Dragão,Porto,5,0,Home,0,39310,41.14961,-8.61099,PT,17,1312,Home win,True,42,24,57.14285714285714
mt706,2016-2017,27-SEP-16 07.45.00.000000000 PM,2016,Dinamo Zagreb,Juventus,Maksimir,Zagreb,0,4,Away,0,23875,45.81444,15.97798,HR,21,,Home loss,False,6,1,16.666666666666664
mt707,2016-2017,27-SEP-16 07.45.00.000000000 PM,2016,Sevilla FC,Olympique Lyon,Ramón Sánchez Pizjuán,Sevilla,1,0,Home,0,36741,37.38283,-5.97317,ES,51,SE,Home win,True,18,8,44.44444444444444
mt708,2016-2017,18-OCT-16 07.45.00.000000000 PM,2016,Dinamo Zagreb,Sevilla FC,Maksimir,Zagreb,0,1,Away,0,6021,45.81444,15.97798,HR,21,,Home loss,False,6,1,16.666666666666664
mt711,2016-2017,02-NOV-16 07.45.00.000000000 PM,2016,Sevilla FC,Dinamo Zagreb,Ramón Sánchez Pizjuán,Sevilla,4,0,Home,0,35215,37.38283,-5.97317,ES,51,SE,Home win,True,18,8,44.44444444444444
mt712,2016-2017,22-NOV-16 07.45.00.000000000 PM,2016,Dinamo Zagreb,Olympique Lyon,Maksimir,Zagreb,0,1,Away,0,7834,45.81444,15.97798,HR,21,,Home loss,False,6,1,16.666666666666664
mt713,2016-2017,22-NOV-16 07.45.00.000000000 PM,2016,Sevilla FC,Juventus,Ramón Sánchez Pizjuán,Sevilla,1,3,Away,0,38942,37.38283,-5.97317,ES,51,SE,Home loss,False,18,8,44.44444444444444
mt716,2016-2017,14-FEB-17 07.45.00.000000000 PM,2017,SL Benfica,Borussia Dortmund,Estádio da Luz,Lisbon,1,0,Home,0,55124,38.71667,-9.13333,PT,14,1106,Home win,True,35,12,34.285714285714285
mt718,2016-2017,15-FEB-17 07.45.00.000000000 PM,2017,Real Madrid,SSC Napoli,Santiago Bernabéu,Madrid,3,1,Home,0,78000,40.4165,-3.70256,ES,29,M,Home win,True,58,33,56.896551724137936
mt719,2016-2017,15-FEB-17 07.45.00.000000000 PM,2017,Bayern München,Arsenal FC,Allianz Arena,Munich,5,1,Home,0,70000,48.13743,11.57549,DE,02,091,Home win,True,29,22,75.86206896551724
mt720,2016-2017,21-FEB-17 07.45.00.000000000 PM,2017,Manchester City,AS Monaco,Etihad Stadium,Manchester,5,3,Home,0,53351,53.48095,-2.23743,GB,ENG,I2,Home win,True,45,31,68.88888888888889
mt721,2016-2017,21-FEB-17 07.45.00.000000000 PM,2017,Bayer Leverkusen,Atlético Madrid,BayArena,Leverkusen,2,4,Away,0,29300,51.0303,6.98432,DE,07,053,Home loss,False,7,2,28.57142857142857
mt722,2016-2017,22-FEB-17 07.45.00.000000000 PM,2017,FC Porto,Juventus,Estádio do Dragão,Porto,0,2,Away,0,49229,42.16737,-6.89934,ES,55,ZA,Home loss,False,42,24,57.14285714285714
mt722,2016-2017,22-FEB-17 07.45.00.000000000 PM,2017,FC Porto,Juventus,Estádio do Dragão,Porto,0,2,Away,0,49229,41.14961,-8.61099,PT,17,1312,Home loss,False,42,24,57.14285714285714
mt723,2016-2017,22-FEB-17 07.45.00.000000000 PM,2017,Sevilla FC,Leicester City,Ramón Sánchez Pizjuán,Sevilla,2,1,Home,0,38834,37.38283,-5.97317,ES,51,SE,Home win,True,18,8,44.44444444444444
mt725,2016-2017,07-MAR-17 07.45.00.000000000 PM,2017,Arsenal FC,Bayern München,Emirates Stadium,London,1,5,Away,0,59911,51.50853,-0.12574,GB,ENG,GLA,Home loss,False,39,21,53.84615384615385
mt726,2016-2017,08-MAR-17 07.45.00.000000000 PM,2017,Borussia Dortmund,SL Benfica,Signal Iduna Park,Dortmund,4,0,Home,0,65849,51.51494,7.466,DE,07,059,Home win,True,24,12,50.0
mt727,2016-2017,08-MAR-17 07.45.00.000000000 PM,2017,FC Barcelona,Paris Saint-Germain,Spotify Camp Nou,Barcelona,6,1,Home,0,96290,41.38879,2.15899,ES,56,B,Home win,True,27,20,74.07407407407408
mt729,2016-2017,14-MAR-17 07.45.00.000000000 PM,2017,Leicester City,Sevilla FC,King Power Stadium,Leicester,2,0,Home,0,31520,52.6386,-1.13169,GB,ENG,H4,Home win,True,5,4,80.0
mt731,2016-2017,15-MAR-17 07.45.00.000000000 PM,2017,Atlético Madrid,Bayer Leverkusen,Vicente Calderón,Madrid,0,0,Draw,0,49133,40.4165,-3.70256,ES,29,M,Home loss,False,58,33,56.896551724137936
mt733,2016-2017,12-APR-17 05.45.00.000000000 PM,2017,Borussia Dortmund,AS Monaco,Signal Iduna Park,Dortmund,2,3,Away,0,65849,51.51494,7.466,DE,07,059,Home loss,False,24,12,50.0
mt734,2016-2017,12-APR-17 07.45.00.000000000 PM,2017,Atlético Madrid,Leicester City,Vicente Calderón,Madrid,1,0,Home,0,51423,40.4165,-3.70256,ES,29,M,Home win,True,58,33,56.896551724137936
mt735,2016-2017,12-APR-17 07.45.00.000000000 PM,2017,Bayern München,Real Madrid,Allianz Arena,Munich,1,2,Away,0,70000,48.13743,11.57549,DE,02,091,Home loss,False,29,22,75.86206896551724
mt736,2016-2017,18-APR-17 07.45.00.000000000 PM,2017,Leicester City,Atlético Madrid,King Power Stadium,Leicester,1,1,Draw,0,31548,52.6386,-1.13169,GB,ENG,H4,Home loss,False,5,4,80.0
mt737,2016-2017,18-APR-17 07.45.00.000000000 PM,2017,Real Madrid,Bayern München,Santiago Bernabéu,Madrid,4,2,Home,0,78346,40.4165,-3.70256,ES,29,M,Home win,True,58,33,56.896551724137936
mt738,2016-2017,19-APR-17 07.45.00.000000000 PM,2017,FC Barcelona,Juventus,Spotify Camp Nou,Barcelona,0,0,Draw,0,96290,41.38879,2.15899,ES,56,B,Home loss,False,27,20,74.07407407407408
mt740,2016-2017,02-MAY-17 07.45.00.000000000 PM,2017,Real Madrid,Atlético Madrid,Santiago Bernabéu,Madrid,3,0,Home,0,77609,40.4165,-3.70256,ES,29,M,Home win,True,58,33,56.896551724137936
mt743,2016-2017,10-MAY-17 07.45.00.000000000 PM,2017,Atlético Madrid,Real Madrid,Vicente Calderón,Madrid,2,1,Home,0,53422,40.4165,-3.70256,ES,29,M,Home win,True,58,33,56.896551724137936
mt744,2016-2017,03-JUN-17 07.45.00.000000000 PM,2017,Juventus,Real Madrid,Millennium,Cardiff,1,4,Away,0,65842,51.48,-3.18,GB,WLS,X5,Home loss,False,1,0,0.0
